ARM GAS  C:\Users\bernd\AppData\Local\Temp\ccLnovA9.s 			page 1


   1              		.cpu cortex-m4
   2              		.arch armv7e-m
   3              		.fpu fpv4-sp-d16
   4              		.eabi_attribute 27, 1
   5              		.eabi_attribute 28, 1
   6              		.eabi_attribute 20, 1
   7              		.eabi_attribute 21, 1
   8              		.eabi_attribute 23, 3
   9              		.eabi_attribute 24, 1
  10              		.eabi_attribute 25, 1
  11              		.eabi_attribute 26, 1
  12              		.eabi_attribute 30, 1
  13              		.eabi_attribute 34, 1
  14              		.eabi_attribute 18, 4
  15              		.file	"printf.c"
  16              		.text
  17              	.Ltext0:
  18              		.cfi_sections	.debug_frame
  19              		.file 1 "external/printf/printf.c"
  20              		.section	.text._out_buffer,"ax",%progbits
  21              		.align	1
  22              		.syntax unified
  23              		.thumb
  24              		.thumb_func
  26              	_out_buffer:
  27              	.LVL0:
  28              	.LFB138:
   1:external/printf/printf.c **** ///////////////////////////////////////////////////////////////////////////////
   2:external/printf/printf.c **** // \author (c) Marco Paland (info@paland.com)
   3:external/printf/printf.c **** //             2014-2019, PALANDesign Hannover, Germany
   4:external/printf/printf.c **** //
   5:external/printf/printf.c **** // \license The MIT License (MIT)
   6:external/printf/printf.c **** //
   7:external/printf/printf.c **** // Permission is hereby granted, free of charge, to any person obtaining a copy
   8:external/printf/printf.c **** // of this software and associated documentation files (the "Software"), to deal
   9:external/printf/printf.c **** // in the Software without restriction, including without limitation the rights
  10:external/printf/printf.c **** // to use, copy, modify, merge, publish, distribute, sublicense, and/or sell
  11:external/printf/printf.c **** // copies of the Software, and to permit persons to whom the Software is
  12:external/printf/printf.c **** // furnished to do so, subject to the following conditions:
  13:external/printf/printf.c **** //
  14:external/printf/printf.c **** // The above copyright notice and this permission notice shall be included in
  15:external/printf/printf.c **** // all copies or substantial portions of the Software.
  16:external/printf/printf.c **** //
  17:external/printf/printf.c **** // THE SOFTWARE IS PROVIDED "AS IS", WITHOUT WARRANTY OF ANY KIND, EXPRESS OR
  18:external/printf/printf.c **** // IMPLIED, INCLUDING BUT NOT LIMITED TO THE WARRANTIES OF MERCHANTABILITY,
  19:external/printf/printf.c **** // FITNESS FOR A PARTICULAR PURPOSE AND NONINFRINGEMENT. IN NO EVENT SHALL THE
  20:external/printf/printf.c **** // AUTHORS OR COPYRIGHT HOLDERS BE LIABLE FOR ANY CLAIM, DAMAGES OR OTHER
  21:external/printf/printf.c **** // LIABILITY, WHETHER IN AN ACTION OF CONTRACT, TORT OR OTHERWISE, ARISING FROM,
  22:external/printf/printf.c **** // OUT OF OR IN CONNECTION WITH THE SOFTWARE OR THE USE OR OTHER DEALINGS IN
  23:external/printf/printf.c **** // THE SOFTWARE.
  24:external/printf/printf.c **** //
  25:external/printf/printf.c **** // \brief Tiny printf, sprintf and (v)snprintf implementation, optimized for speed on
  26:external/printf/printf.c **** //        embedded systems with a very limited resources. These routines are thread
  27:external/printf/printf.c **** //        safe and reentrant!
  28:external/printf/printf.c **** //        Use this instead of the bloated standard/newlib printf cause these use
  29:external/printf/printf.c **** //        malloc for printf (and may not be thread safe).
  30:external/printf/printf.c **** //
ARM GAS  C:\Users\bernd\AppData\Local\Temp\ccLnovA9.s 			page 2


  31:external/printf/printf.c **** ///////////////////////////////////////////////////////////////////////////////
  32:external/printf/printf.c **** 
  33:external/printf/printf.c **** #include <stdbool.h>
  34:external/printf/printf.c **** #include <stdint.h>
  35:external/printf/printf.c **** 
  36:external/printf/printf.c **** #include "printf.h"
  37:external/printf/printf.c **** 
  38:external/printf/printf.c **** 
  39:external/printf/printf.c **** // define this globally (e.g. gcc -DPRINTF_INCLUDE_CONFIG_H ...) to include the
  40:external/printf/printf.c **** // printf_config.h header file
  41:external/printf/printf.c **** // default: undefined
  42:external/printf/printf.c **** #ifdef PRINTF_INCLUDE_CONFIG_H
  43:external/printf/printf.c **** #include "printf_config.h"
  44:external/printf/printf.c **** #endif
  45:external/printf/printf.c **** 
  46:external/printf/printf.c **** 
  47:external/printf/printf.c **** // 'ntoa' conversion buffer size, this must be big enough to hold one converted
  48:external/printf/printf.c **** // numeric number including padded zeros (dynamically created on stack)
  49:external/printf/printf.c **** // default: 32 byte
  50:external/printf/printf.c **** #ifndef PRINTF_NTOA_BUFFER_SIZE
  51:external/printf/printf.c **** #define PRINTF_NTOA_BUFFER_SIZE    32U
  52:external/printf/printf.c **** #endif
  53:external/printf/printf.c **** 
  54:external/printf/printf.c **** // 'ftoa' conversion buffer size, this must be big enough to hold one converted
  55:external/printf/printf.c **** // float number including padded zeros (dynamically created on stack)
  56:external/printf/printf.c **** // default: 32 byte
  57:external/printf/printf.c **** #ifndef PRINTF_FTOA_BUFFER_SIZE
  58:external/printf/printf.c **** #define PRINTF_FTOA_BUFFER_SIZE    32U
  59:external/printf/printf.c **** #endif
  60:external/printf/printf.c **** 
  61:external/printf/printf.c **** // support for the floating point type (%f)
  62:external/printf/printf.c **** // default: activated
  63:external/printf/printf.c **** #ifndef PRINTF_DISABLE_SUPPORT_FLOAT
  64:external/printf/printf.c **** #define PRINTF_SUPPORT_FLOAT
  65:external/printf/printf.c **** #endif
  66:external/printf/printf.c **** 
  67:external/printf/printf.c **** // support for exponential floating point notation (%e/%g)
  68:external/printf/printf.c **** // default: activated
  69:external/printf/printf.c **** #ifndef PRINTF_DISABLE_SUPPORT_EXPONENTIAL
  70:external/printf/printf.c **** #define PRINTF_SUPPORT_EXPONENTIAL
  71:external/printf/printf.c **** #endif
  72:external/printf/printf.c **** 
  73:external/printf/printf.c **** // define the default floating point precision
  74:external/printf/printf.c **** // default: 6 digits
  75:external/printf/printf.c **** #ifndef PRINTF_DEFAULT_FLOAT_PRECISION
  76:external/printf/printf.c **** #define PRINTF_DEFAULT_FLOAT_PRECISION  6U
  77:external/printf/printf.c **** #endif
  78:external/printf/printf.c **** 
  79:external/printf/printf.c **** // define the largest float suitable to print with %f
  80:external/printf/printf.c **** // default: 1e9
  81:external/printf/printf.c **** #ifndef PRINTF_MAX_FLOAT
  82:external/printf/printf.c **** #define PRINTF_MAX_FLOAT  1e9
  83:external/printf/printf.c **** #endif
  84:external/printf/printf.c **** 
  85:external/printf/printf.c **** // support for the long long types (%llu or %p)
  86:external/printf/printf.c **** // default: activated
  87:external/printf/printf.c **** #ifndef PRINTF_DISABLE_SUPPORT_LONG_LONG
ARM GAS  C:\Users\bernd\AppData\Local\Temp\ccLnovA9.s 			page 3


  88:external/printf/printf.c **** #define PRINTF_SUPPORT_LONG_LONG
  89:external/printf/printf.c **** #endif
  90:external/printf/printf.c **** 
  91:external/printf/printf.c **** // support for the ptrdiff_t type (%t)
  92:external/printf/printf.c **** // ptrdiff_t is normally defined in <stddef.h> as long or long long type
  93:external/printf/printf.c **** // default: activated
  94:external/printf/printf.c **** #ifndef PRINTF_DISABLE_SUPPORT_PTRDIFF_T
  95:external/printf/printf.c **** #define PRINTF_SUPPORT_PTRDIFF_T
  96:external/printf/printf.c **** #endif
  97:external/printf/printf.c **** 
  98:external/printf/printf.c **** ///////////////////////////////////////////////////////////////////////////////
  99:external/printf/printf.c **** 
 100:external/printf/printf.c **** // internal flag definitions
 101:external/printf/printf.c **** #define FLAGS_ZEROPAD   (1U <<  0U)
 102:external/printf/printf.c **** #define FLAGS_LEFT      (1U <<  1U)
 103:external/printf/printf.c **** #define FLAGS_PLUS      (1U <<  2U)
 104:external/printf/printf.c **** #define FLAGS_SPACE     (1U <<  3U)
 105:external/printf/printf.c **** #define FLAGS_HASH      (1U <<  4U)
 106:external/printf/printf.c **** #define FLAGS_UPPERCASE (1U <<  5U)
 107:external/printf/printf.c **** #define FLAGS_CHAR      (1U <<  6U)
 108:external/printf/printf.c **** #define FLAGS_SHORT     (1U <<  7U)
 109:external/printf/printf.c **** #define FLAGS_LONG      (1U <<  8U)
 110:external/printf/printf.c **** #define FLAGS_LONG_LONG (1U <<  9U)
 111:external/printf/printf.c **** #define FLAGS_PRECISION (1U << 10U)
 112:external/printf/printf.c **** #define FLAGS_ADAPT_EXP (1U << 11U)
 113:external/printf/printf.c **** 
 114:external/printf/printf.c **** 
 115:external/printf/printf.c **** // import float.h for DBL_MAX
 116:external/printf/printf.c **** #if defined(PRINTF_SUPPORT_FLOAT)
 117:external/printf/printf.c **** #include <float.h>
 118:external/printf/printf.c **** #endif
 119:external/printf/printf.c **** 
 120:external/printf/printf.c **** 
 121:external/printf/printf.c **** // output function type
 122:external/printf/printf.c **** typedef void (*out_fct_type)(char character, void* buffer, size_t idx, size_t maxlen);
 123:external/printf/printf.c **** 
 124:external/printf/printf.c **** 
 125:external/printf/printf.c **** // wrapper (used as buffer) for output function type
 126:external/printf/printf.c **** typedef struct {
 127:external/printf/printf.c ****   void  (*fct)(char character, void* arg);
 128:external/printf/printf.c ****   void* arg;
 129:external/printf/printf.c **** } out_fct_wrap_type;
 130:external/printf/printf.c **** 
 131:external/printf/printf.c **** extern UART_HandleTypeDef huart1;
 132:external/printf/printf.c **** 
 133:external/printf/printf.c **** 
 134:external/printf/printf.c **** void _putchar(char character)
 135:external/printf/printf.c **** {
 136:external/printf/printf.c ****   uint8_t c[1];
 137:external/printf/printf.c ****   c[0] = character & 0x00FF;
 138:external/printf/printf.c ****   HAL_UART_Transmit(&huart1, &*c, 1, 10);
 139:external/printf/printf.c **** }
 140:external/printf/printf.c **** 
 141:external/printf/printf.c **** // internal buffer output
 142:external/printf/printf.c **** static inline void _out_buffer(char character, void* buffer, size_t idx, size_t maxlen)
 143:external/printf/printf.c **** {
  29              		.loc 1 143 1 view -0
ARM GAS  C:\Users\bernd\AppData\Local\Temp\ccLnovA9.s 			page 4


  30              		.cfi_startproc
  31              		@ args = 0, pretend = 0, frame = 0
  32              		@ frame_needed = 0, uses_anonymous_args = 0
  33              		@ link register save eliminated.
 144:external/printf/printf.c ****   if (idx < maxlen) {
  34              		.loc 1 144 3 view .LVU1
  35              		.loc 1 144 6 is_stmt 0 view .LVU2
  36 0000 9A42     		cmp	r2, r3
  37 0002 00D2     		bcs	.L1
 145:external/printf/printf.c ****     ((char*)buffer)[idx] = character;
  38              		.loc 1 145 5 is_stmt 1 view .LVU3
  39              		.loc 1 145 26 is_stmt 0 view .LVU4
  40 0004 8854     		strb	r0, [r1, r2]
  41              	.L1:
 146:external/printf/printf.c ****   }
 147:external/printf/printf.c **** }
  42              		.loc 1 147 1 view .LVU5
  43 0006 7047     		bx	lr
  44              		.cfi_endproc
  45              	.LFE138:
  47              		.section	.text._out_null,"ax",%progbits
  48              		.align	1
  49              		.syntax unified
  50              		.thumb
  51              		.thumb_func
  53              	_out_null:
  54              	.LVL1:
  55              	.LFB139:
 148:external/printf/printf.c **** 
 149:external/printf/printf.c **** 
 150:external/printf/printf.c **** // internal null output
 151:external/printf/printf.c **** static inline void _out_null(char character, void* buffer, size_t idx, size_t maxlen)
 152:external/printf/printf.c **** {
  56              		.loc 1 152 1 is_stmt 1 view -0
  57              		.cfi_startproc
  58              		@ args = 0, pretend = 0, frame = 0
  59              		@ frame_needed = 0, uses_anonymous_args = 0
  60              		@ link register save eliminated.
 153:external/printf/printf.c ****   (void)character; (void)buffer; (void)idx; (void)maxlen;
  61              		.loc 1 153 3 view .LVU7
  62              		.loc 1 153 20 view .LVU8
  63              		.loc 1 153 34 view .LVU9
  64              		.loc 1 153 45 view .LVU10
 154:external/printf/printf.c **** }
  65              		.loc 1 154 1 is_stmt 0 view .LVU11
  66 0000 7047     		bx	lr
  67              		.cfi_endproc
  68              	.LFE139:
  70              		.section	.text._out_fct,"ax",%progbits
  71              		.align	1
  72              		.syntax unified
  73              		.thumb
  74              		.thumb_func
  76              	_out_fct:
  77              	.LVL2:
  78              	.LFB141:
 155:external/printf/printf.c **** 
ARM GAS  C:\Users\bernd\AppData\Local\Temp\ccLnovA9.s 			page 5


 156:external/printf/printf.c **** 
 157:external/printf/printf.c **** // internal _putchar wrapper
 158:external/printf/printf.c **** static inline void _out_char(char character, void* buffer, size_t idx, size_t maxlen)
 159:external/printf/printf.c **** {
 160:external/printf/printf.c ****   (void)buffer; (void)idx; (void)maxlen;
 161:external/printf/printf.c ****   if (character) {
 162:external/printf/printf.c ****     _putchar(character);
 163:external/printf/printf.c ****   }
 164:external/printf/printf.c **** }
 165:external/printf/printf.c **** 
 166:external/printf/printf.c **** 
 167:external/printf/printf.c **** // internal output function wrapper
 168:external/printf/printf.c **** static inline void _out_fct(char character, void* buffer, size_t idx, size_t maxlen)
 169:external/printf/printf.c **** {
  79              		.loc 1 169 1 is_stmt 1 view -0
  80              		.cfi_startproc
  81              		@ args = 0, pretend = 0, frame = 0
  82              		@ frame_needed = 0, uses_anonymous_args = 0
 170:external/printf/printf.c ****   (void)idx; (void)maxlen;
  83              		.loc 1 170 3 view .LVU13
  84              		.loc 1 170 14 view .LVU14
 171:external/printf/printf.c ****   if (character) {
  85              		.loc 1 171 3 view .LVU15
  86              		.loc 1 171 6 is_stmt 0 view .LVU16
  87 0000 20B1     		cbz	r0, .L7
 169:external/printf/printf.c ****   (void)idx; (void)maxlen;
  88              		.loc 1 169 1 view .LVU17
  89 0002 08B5     		push	{r3, lr}
  90              		.cfi_def_cfa_offset 8
  91              		.cfi_offset 3, -8
  92              		.cfi_offset 14, -4
 172:external/printf/printf.c ****     // buffer is the output fct pointer
 173:external/printf/printf.c ****     ((out_fct_wrap_type*)buffer)->fct(character, ((out_fct_wrap_type*)buffer)->arg);
  93              		.loc 1 173 5 is_stmt 1 view .LVU18
  94              		.loc 1 173 33 is_stmt 0 view .LVU19
  95 0004 0A68     		ldr	r2, [r1]
  96              	.LVL3:
  97              		.loc 1 173 6 view .LVU20
  98 0006 4968     		ldr	r1, [r1, #4]
  99              	.LVL4:
 100              		.loc 1 173 6 view .LVU21
 101 0008 9047     		blx	r2
 102              	.LVL5:
 174:external/printf/printf.c ****   }
 175:external/printf/printf.c **** }
 103              		.loc 1 175 1 view .LVU22
 104 000a 08BD     		pop	{r3, pc}
 105              	.LVL6:
 106              	.L7:
 107              		.cfi_def_cfa_offset 0
 108              		.cfi_restore 3
 109              		.cfi_restore 14
 110              		.loc 1 175 1 view .LVU23
 111 000c 7047     		bx	lr
 112              		.cfi_endproc
 113              	.LFE141:
 115              		.section	.text._atoi,"ax",%progbits
ARM GAS  C:\Users\bernd\AppData\Local\Temp\ccLnovA9.s 			page 6


 116              		.align	1
 117              		.syntax unified
 118              		.thumb
 119              		.thumb_func
 121              	_atoi:
 122              	.LVL7:
 123              	.LFB144:
 176:external/printf/printf.c **** 
 177:external/printf/printf.c **** 
 178:external/printf/printf.c **** // internal secure strlen
 179:external/printf/printf.c **** // \return The length of the string (excluding the terminating 0) limited by 'maxsize'
 180:external/printf/printf.c **** static inline unsigned int _strnlen_s(const char* str, size_t maxsize)
 181:external/printf/printf.c **** {
 182:external/printf/printf.c ****   const char* s;
 183:external/printf/printf.c ****   for (s = str; *s && maxsize--; ++s);
 184:external/printf/printf.c ****   return (unsigned int)(s - str);
 185:external/printf/printf.c **** }
 186:external/printf/printf.c **** 
 187:external/printf/printf.c **** 
 188:external/printf/printf.c **** // internal test if char is a digit (0-9)
 189:external/printf/printf.c **** // \return true if char is a digit
 190:external/printf/printf.c **** static inline bool _is_digit(char ch)
 191:external/printf/printf.c **** {
 192:external/printf/printf.c ****   return (ch >= '0') && (ch <= '9');
 193:external/printf/printf.c **** }
 194:external/printf/printf.c **** 
 195:external/printf/printf.c **** 
 196:external/printf/printf.c **** // internal ASCII string to unsigned int conversion
 197:external/printf/printf.c **** static unsigned int _atoi(const char** str)
 198:external/printf/printf.c **** {
 124              		.loc 1 198 1 is_stmt 1 view -0
 125              		.cfi_startproc
 126              		@ args = 0, pretend = 0, frame = 0
 127              		@ frame_needed = 0, uses_anonymous_args = 0
 128              		@ link register save eliminated.
 129              		.loc 1 198 1 is_stmt 0 view .LVU25
 130 0000 0146     		mov	r1, r0
 199:external/printf/printf.c ****   unsigned int i = 0U;
 131              		.loc 1 199 3 is_stmt 1 view .LVU26
 132              	.LVL8:
 200:external/printf/printf.c ****   while (_is_digit(**str)) {
 133              		.loc 1 200 3 view .LVU27
 199:external/printf/printf.c ****   unsigned int i = 0U;
 134              		.loc 1 199 16 is_stmt 0 view .LVU28
 135 0002 0020     		movs	r0, #0
 136              	.LVL9:
 137              		.loc 1 200 9 view .LVU29
 138 0004 08E0     		b	.L11
 139              	.LVL10:
 140              	.L12:
 201:external/printf/printf.c ****     i = i * 10U + (unsigned int)(*((*str)++) - '0');
 141              		.loc 1 201 5 is_stmt 1 view .LVU30
 142              		.loc 1 201 11 is_stmt 0 view .LVU31
 143 0006 00EB8000 		add	r0, r0, r0, lsl #2
 144              	.LVL11:
 145              		.loc 1 201 42 view .LVU32
 146 000a 531C     		adds	r3, r2, #1
ARM GAS  C:\Users\bernd\AppData\Local\Temp\ccLnovA9.s 			page 7


 147 000c 0B60     		str	r3, [r1]
 148              		.loc 1 201 34 view .LVU33
 149 000e 1378     		ldrb	r3, [r2]	@ zero_extendqisi2
 150              		.loc 1 201 17 view .LVU34
 151 0010 03EB4003 		add	r3, r3, r0, lsl #1
 152              		.loc 1 201 7 view .LVU35
 153 0014 A3F13000 		sub	r0, r3, #48
 154              	.LVL12:
 155              	.L11:
 200:external/printf/printf.c ****   while (_is_digit(**str)) {
 156              		.loc 1 200 10 is_stmt 1 view .LVU36
 200:external/printf/printf.c ****   while (_is_digit(**str)) {
 157              		.loc 1 200 21 is_stmt 0 view .LVU37
 158 0018 0A68     		ldr	r2, [r1]
 200:external/printf/printf.c ****   while (_is_digit(**str)) {
 159              		.loc 1 200 10 view .LVU38
 160 001a 1378     		ldrb	r3, [r2]	@ zero_extendqisi2
 161              	.LVL13:
 162              	.LBB20:
 163              	.LBI20:
 190:external/printf/printf.c **** {
 164              		.loc 1 190 20 is_stmt 1 view .LVU39
 165              	.LBB21:
 192:external/printf/printf.c **** }
 166              		.loc 1 192 3 view .LVU40
 192:external/printf/printf.c **** }
 167              		.loc 1 192 22 is_stmt 0 view .LVU41
 168 001c 303B     		subs	r3, r3, #48
 169 001e DBB2     		uxtb	r3, r3
 170              	.LVL14:
 192:external/printf/printf.c **** }
 171              		.loc 1 192 22 view .LVU42
 172              	.LBE21:
 173              	.LBE20:
 200:external/printf/printf.c ****     i = i * 10U + (unsigned int)(*((*str)++) - '0');
 174              		.loc 1 200 10 discriminator 1 view .LVU43
 175 0020 092B     		cmp	r3, #9
 176 0022 F0D9     		bls	.L12
 202:external/printf/printf.c ****   }
 203:external/printf/printf.c ****   return i;
 177              		.loc 1 203 3 is_stmt 1 view .LVU44
 204:external/printf/printf.c **** }
 178              		.loc 1 204 1 is_stmt 0 view .LVU45
 179 0024 7047     		bx	lr
 180              		.cfi_endproc
 181              	.LFE144:
 183              		.section	.text._out_rev,"ax",%progbits
 184              		.align	1
 185              		.syntax unified
 186              		.thumb
 187              		.thumb_func
 189              	_out_rev:
 190              	.LVL15:
 191              	.LFB145:
 205:external/printf/printf.c **** 
 206:external/printf/printf.c **** 
 207:external/printf/printf.c **** // output the specified string in reverse, taking care of any zero-padding
ARM GAS  C:\Users\bernd\AppData\Local\Temp\ccLnovA9.s 			page 8


 208:external/printf/printf.c **** static size_t _out_rev(out_fct_type out, char* buffer, size_t idx, size_t maxlen, const char* buf, 
 209:external/printf/printf.c **** {
 192              		.loc 1 209 1 is_stmt 1 view -0
 193              		.cfi_startproc
 194              		@ args = 16, pretend = 0, frame = 8
 195              		@ frame_needed = 0, uses_anonymous_args = 0
 196              		.loc 1 209 1 is_stmt 0 view .LVU47
 197 0000 2DE9F04F 		push	{r4, r5, r6, r7, r8, r9, r10, fp, lr}
 198              		.cfi_def_cfa_offset 36
 199              		.cfi_offset 4, -36
 200              		.cfi_offset 5, -32
 201              		.cfi_offset 6, -28
 202              		.cfi_offset 7, -24
 203              		.cfi_offset 8, -20
 204              		.cfi_offset 9, -16
 205              		.cfi_offset 10, -12
 206              		.cfi_offset 11, -8
 207              		.cfi_offset 14, -4
 208 0004 83B0     		sub	sp, sp, #12
 209              		.cfi_def_cfa_offset 48
 210 0006 0546     		mov	r5, r0
 211 0008 0E46     		mov	r6, r1
 212 000a 9346     		mov	fp, r2
 213 000c 1F46     		mov	r7, r3
 214 000e DDF830A0 		ldr	r10, [sp, #48]
 215 0012 0D9C     		ldr	r4, [sp, #52]
 216 0014 DDF83890 		ldr	r9, [sp, #56]
 210:external/printf/printf.c ****   const size_t start_idx = idx;
 217              		.loc 1 210 3 is_stmt 1 view .LVU48
 218              	.LVL16:
 211:external/printf/printf.c **** 
 212:external/printf/printf.c ****   // pad spaces up to given width
 213:external/printf/printf.c ****   if (!(flags & FLAGS_LEFT) && !(flags & FLAGS_ZEROPAD)) {
 219              		.loc 1 213 3 view .LVU49
 220              		.loc 1 213 6 is_stmt 0 view .LVU50
 221 0018 0F9B     		ldr	r3, [sp, #60]
 222              	.LVL17:
 223              		.loc 1 213 6 view .LVU51
 224 001a 13F0030F 		tst	r3, #3
 225 001e 19D1     		bne	.L17
 226              	.LBB22:
 214:external/printf/printf.c ****     for (size_t i = len; i < width; i++) {
 227              		.loc 1 214 17 view .LVU52
 228 0020 A046     		mov	r8, r4
 229              	.LBE22:
 230 0022 0192     		str	r2, [sp, #4]
 231 0024 08E0     		b	.L14
 232              	.LVL18:
 233              	.L16:
 234              	.LBB23:
 215:external/printf/printf.c ****       out(' ', buffer, idx++, maxlen);
 235              		.loc 1 215 7 is_stmt 1 view .LVU53
 236 0026 02F1010B 		add	fp, r2, #1
 237              	.LVL19:
 238              		.loc 1 215 7 is_stmt 0 view .LVU54
 239 002a 3B46     		mov	r3, r7
 240 002c 3146     		mov	r1, r6
ARM GAS  C:\Users\bernd\AppData\Local\Temp\ccLnovA9.s 			page 9


 241 002e 2020     		movs	r0, #32
 242 0030 A847     		blx	r5
 243              	.LVL20:
 214:external/printf/printf.c ****     for (size_t i = len; i < width; i++) {
 244              		.loc 1 214 38 is_stmt 1 discriminator 3 view .LVU55
 245 0032 08F10108 		add	r8, r8, #1
 246              	.LVL21:
 247              		.loc 1 215 7 is_stmt 0 view .LVU56
 248 0036 5A46     		mov	r2, fp
 249              	.LVL22:
 250              	.L14:
 214:external/printf/printf.c ****     for (size_t i = len; i < width; i++) {
 251              		.loc 1 214 28 is_stmt 1 discriminator 1 view .LVU57
 252 0038 C845     		cmp	r8, r9
 253 003a F4D3     		bcc	.L16
 214:external/printf/printf.c ****     for (size_t i = len; i < width; i++) {
 254              		.loc 1 214 28 is_stmt 0 discriminator 1 view .LVU58
 255 003c DDF804B0 		ldr	fp, [sp, #4]
 256 0040 08E0     		b	.L17
 257              	.LVL23:
 258              	.L18:
 214:external/printf/printf.c ****     for (size_t i = len; i < width; i++) {
 259              		.loc 1 214 28 discriminator 1 view .LVU59
 260              	.LBE23:
 216:external/printf/printf.c ****     }
 217:external/printf/printf.c ****   }
 218:external/printf/printf.c **** 
 219:external/printf/printf.c ****   // reverse string
 220:external/printf/printf.c ****   while (len) {
 221:external/printf/printf.c ****     out(buf[--len], buffer, idx++, maxlen);
 261              		.loc 1 221 5 is_stmt 1 view .LVU60
 262 0042 013C     		subs	r4, r4, #1
 263              	.LVL24:
 264              		.loc 1 221 5 is_stmt 0 view .LVU61
 265 0044 02F10108 		add	r8, r2, #1
 266              	.LVL25:
 267              		.loc 1 221 5 view .LVU62
 268 0048 3B46     		mov	r3, r7
 269 004a 3146     		mov	r1, r6
 270 004c 1AF80400 		ldrb	r0, [r10, r4]	@ zero_extendqisi2
 271 0050 A847     		blx	r5
 272              	.LVL26:
 273 0052 4246     		mov	r2, r8
 274              	.LVL27:
 275              	.L17:
 220:external/printf/printf.c ****     out(buf[--len], buffer, idx++, maxlen);
 276              		.loc 1 220 10 is_stmt 1 view .LVU63
 277 0054 002C     		cmp	r4, #0
 278 0056 F4D1     		bne	.L18
 222:external/printf/printf.c ****   }
 223:external/printf/printf.c **** 
 224:external/printf/printf.c ****   // append pad spaces up to given width
 225:external/printf/printf.c ****   if (flags & FLAGS_LEFT) {
 279              		.loc 1 225 3 view .LVU64
 280              		.loc 1 225 6 is_stmt 0 view .LVU65
 281 0058 0F9B     		ldr	r3, [sp, #60]
 282 005a 13F0020F 		tst	r3, #2
ARM GAS  C:\Users\bernd\AppData\Local\Temp\ccLnovA9.s 			page 10


 283 005e 09D1     		bne	.L19
 284              	.LVL28:
 285              	.L13:
 226:external/printf/printf.c ****     while (idx - start_idx < width) {
 227:external/printf/printf.c ****       out(' ', buffer, idx++, maxlen);
 228:external/printf/printf.c ****     }
 229:external/printf/printf.c ****   }
 230:external/printf/printf.c **** 
 231:external/printf/printf.c ****   return idx;
 232:external/printf/printf.c **** }
 286              		.loc 1 232 1 view .LVU66
 287 0060 1046     		mov	r0, r2
 288 0062 03B0     		add	sp, sp, #12
 289              		.cfi_remember_state
 290              		.cfi_def_cfa_offset 36
 291              		@ sp needed
 292 0064 BDE8F08F 		pop	{r4, r5, r6, r7, r8, r9, r10, fp, pc}
 293              	.LVL29:
 294              	.L21:
 295              		.cfi_restore_state
 227:external/printf/printf.c ****     }
 296              		.loc 1 227 7 is_stmt 1 view .LVU67
 297 0068 541C     		adds	r4, r2, #1
 298              	.LVL30:
 227:external/printf/printf.c ****     }
 299              		.loc 1 227 7 is_stmt 0 view .LVU68
 300 006a 3B46     		mov	r3, r7
 301 006c 3146     		mov	r1, r6
 302 006e 2020     		movs	r0, #32
 303 0070 A847     		blx	r5
 304              	.LVL31:
 305 0072 2246     		mov	r2, r4
 306              	.LVL32:
 307              	.L19:
 226:external/printf/printf.c ****     while (idx - start_idx < width) {
 308              		.loc 1 226 28 is_stmt 1 view .LVU69
 226:external/printf/printf.c ****     while (idx - start_idx < width) {
 309              		.loc 1 226 16 is_stmt 0 view .LVU70
 310 0074 A2EB0B03 		sub	r3, r2, fp
 226:external/printf/printf.c ****     while (idx - start_idx < width) {
 311              		.loc 1 226 28 view .LVU71
 312 0078 4B45     		cmp	r3, r9
 313 007a F5D3     		bcc	.L21
 226:external/printf/printf.c ****     while (idx - start_idx < width) {
 314              		.loc 1 226 28 view .LVU72
 315 007c F0E7     		b	.L13
 316              		.cfi_endproc
 317              	.LFE145:
 319              		.section	.text._ntoa_format,"ax",%progbits
 320              		.align	1
 321              		.syntax unified
 322              		.thumb
 323              		.thumb_func
 325              	_ntoa_format:
 326              	.LVL33:
 327              	.LFB146:
 233:external/printf/printf.c **** 
ARM GAS  C:\Users\bernd\AppData\Local\Temp\ccLnovA9.s 			page 11


 234:external/printf/printf.c **** 
 235:external/printf/printf.c **** // internal itoa format
 236:external/printf/printf.c **** static size_t _ntoa_format(out_fct_type out, char* buffer, size_t idx, size_t maxlen, char* buf, si
 237:external/printf/printf.c **** {
 328              		.loc 1 237 1 is_stmt 1 view -0
 329              		.cfi_startproc
 330              		@ args = 28, pretend = 0, frame = 0
 331              		@ frame_needed = 0, uses_anonymous_args = 0
 332              		.loc 1 237 1 is_stmt 0 view .LVU74
 333 0000 2DE9F043 		push	{r4, r5, r6, r7, r8, r9, lr}
 334              		.cfi_def_cfa_offset 28
 335              		.cfi_offset 4, -28
 336              		.cfi_offset 5, -24
 337              		.cfi_offset 6, -20
 338              		.cfi_offset 7, -16
 339              		.cfi_offset 8, -12
 340              		.cfi_offset 9, -8
 341              		.cfi_offset 14, -4
 342 0004 85B0     		sub	sp, sp, #20
 343              		.cfi_def_cfa_offset 48
 344 0006 9946     		mov	r9, r3
 345 0008 0C9D     		ldr	r5, [sp, #48]
 346 000a 0D9C     		ldr	r4, [sp, #52]
 347 000c 9DF83880 		ldrb	r8, [sp, #56]	@ zero_extendqisi2
 348 0010 DDF840E0 		ldr	lr, [sp, #64]
 349 0014 119F     		ldr	r7, [sp, #68]
 350 0016 129E     		ldr	r6, [sp, #72]
 238:external/printf/printf.c ****   // pad leading zeros
 239:external/printf/printf.c ****   if (!(flags & FLAGS_LEFT)) {
 351              		.loc 1 239 3 is_stmt 1 view .LVU75
 352              		.loc 1 239 6 is_stmt 0 view .LVU76
 353 0018 16F0020F 		tst	r6, #2
 354 001c 21D1     		bne	.L26
 240:external/printf/printf.c ****     if (width && (flags & FLAGS_ZEROPAD) && (negative || (flags & (FLAGS_PLUS | FLAGS_SPACE)))) {
 355              		.loc 1 240 5 is_stmt 1 view .LVU77
 356              		.loc 1 240 8 is_stmt 0 view .LVU78
 357 001e 7FB1     		cbz	r7, .L29
 358              		.loc 1 240 15 discriminator 1 view .LVU79
 359 0020 16F0010F 		tst	r6, #1
 360 0024 0CD0     		beq	.L29
 361              		.loc 1 240 42 discriminator 2 view .LVU80
 362 0026 B8F1000F 		cmp	r8, #0
 363 002a 02D1     		bne	.L28
 364              		.loc 1 240 55 discriminator 3 view .LVU81
 365 002c 16F00C0F 		tst	r6, #12
 366 0030 06D0     		beq	.L29
 367              	.L28:
 241:external/printf/printf.c ****       width--;
 368              		.loc 1 241 7 is_stmt 1 view .LVU82
 369              		.loc 1 241 12 is_stmt 0 view .LVU83
 370 0032 013F     		subs	r7, r7, #1
 371              	.LVL34:
 372              		.loc 1 241 12 view .LVU84
 373 0034 04E0     		b	.L29
 374              	.LVL35:
 375              	.L31:
 242:external/printf/printf.c ****     }
ARM GAS  C:\Users\bernd\AppData\Local\Temp\ccLnovA9.s 			page 12


 243:external/printf/printf.c ****     while ((len < prec) && (len < PRINTF_NTOA_BUFFER_SIZE)) {
 244:external/printf/printf.c ****       buf[len++] = '0';
 376              		.loc 1 244 7 is_stmt 1 view .LVU85
 377              		.loc 1 244 18 is_stmt 0 view .LVU86
 378 0036 4FF0300C 		mov	ip, #48
 379 003a 05F804C0 		strb	ip, [r5, r4]
 380              		.loc 1 244 14 view .LVU87
 381 003e 0134     		adds	r4, r4, #1
 382              	.LVL36:
 383              	.L29:
 243:external/printf/printf.c ****       buf[len++] = '0';
 384              		.loc 1 243 25 is_stmt 1 view .LVU88
 385 0040 7445     		cmp	r4, lr
 386 0042 01D2     		bcs	.L32
 243:external/printf/printf.c ****       buf[len++] = '0';
 387              		.loc 1 243 25 is_stmt 0 discriminator 1 view .LVU89
 388 0044 1F2C     		cmp	r4, #31
 389 0046 F6D9     		bls	.L31
 390              	.L32:
 245:external/printf/printf.c ****     }
 246:external/printf/printf.c ****     while ((flags & FLAGS_ZEROPAD) && (len < width) && (len < PRINTF_NTOA_BUFFER_SIZE)) {
 391              		.loc 1 246 53 is_stmt 1 view .LVU90
 392 0048 16F0010F 		tst	r6, #1
 393 004c 09D0     		beq	.L26
 394              		.loc 1 246 36 is_stmt 0 discriminator 1 view .LVU91
 395 004e BC42     		cmp	r4, r7
 396 0050 07D2     		bcs	.L26
 397              		.loc 1 246 53 discriminator 2 view .LVU92
 398 0052 1F2C     		cmp	r4, #31
 399 0054 05D8     		bhi	.L26
 247:external/printf/printf.c ****       buf[len++] = '0';
 400              		.loc 1 247 7 is_stmt 1 view .LVU93
 401              	.LVL37:
 402              		.loc 1 247 18 is_stmt 0 view .LVU94
 403 0056 4FF0300C 		mov	ip, #48
 404 005a 05F804C0 		strb	ip, [r5, r4]
 405              		.loc 1 247 14 view .LVU95
 406 005e 0134     		adds	r4, r4, #1
 407              	.LVL38:
 408              		.loc 1 247 14 view .LVU96
 409 0060 F2E7     		b	.L32
 410              	.LVL39:
 411              	.L26:
 248:external/printf/printf.c ****     }
 249:external/printf/printf.c ****   }
 250:external/printf/printf.c **** 
 251:external/printf/printf.c ****   // handle hash
 252:external/printf/printf.c ****   if (flags & FLAGS_HASH) {
 412              		.loc 1 252 3 is_stmt 1 view .LVU97
 413              		.loc 1 252 6 is_stmt 0 view .LVU98
 414 0062 16F0100F 		tst	r6, #16
 415 0066 14D0     		beq	.L34
 253:external/printf/printf.c ****     if (!(flags & FLAGS_PRECISION) && len && ((len == prec) || (len == width))) {
 416              		.loc 1 253 5 is_stmt 1 view .LVU99
 417              		.loc 1 253 8 is_stmt 0 view .LVU100
 418 0068 16F4806F 		tst	r6, #1024
 419 006c 04D1     		bne	.L35
ARM GAS  C:\Users\bernd\AppData\Local\Temp\ccLnovA9.s 			page 13


 420              		.loc 1 253 36 discriminator 1 view .LVU101
 421 006e 1CB1     		cbz	r4, .L35
 422              		.loc 1 253 43 discriminator 2 view .LVU102
 423 0070 7445     		cmp	r4, lr
 424 0072 22D0     		beq	.L36
 425              		.loc 1 253 61 discriminator 3 view .LVU103
 426 0074 BC42     		cmp	r4, r7
 427 0076 20D0     		beq	.L36
 428              	.L35:
 254:external/printf/printf.c ****       len--;
 255:external/printf/printf.c ****       if (len && (base == 16U)) {
 256:external/printf/printf.c ****         len--;
 257:external/printf/printf.c ****       }
 258:external/printf/printf.c ****     }
 259:external/printf/printf.c ****     if ((base == 16U) && !(flags & FLAGS_UPPERCASE) && (len < PRINTF_NTOA_BUFFER_SIZE)) {
 429              		.loc 1 259 5 is_stmt 1 view .LVU104
 430              		.loc 1 259 8 is_stmt 0 view .LVU105
 431 0078 0F9B     		ldr	r3, [sp, #60]
 432              	.LVL40:
 433              		.loc 1 259 8 view .LVU106
 434 007a 102B     		cmp	r3, #16
 435 007c 33D0     		beq	.L38
 436              	.LVL41:
 437              	.L39:
 260:external/printf/printf.c ****       buf[len++] = 'x';
 261:external/printf/printf.c ****     }
 262:external/printf/printf.c ****     else if ((base == 16U) && (flags & FLAGS_UPPERCASE) && (len < PRINTF_NTOA_BUFFER_SIZE)) {
 263:external/printf/printf.c ****       buf[len++] = 'X';
 264:external/printf/printf.c ****     }
 265:external/printf/printf.c ****     else if ((base == 2U) && (len < PRINTF_NTOA_BUFFER_SIZE)) {
 438              		.loc 1 265 10 is_stmt 1 view .LVU107
 439              		.loc 1 265 13 is_stmt 0 view .LVU108
 440 007e 0F9B     		ldr	r3, [sp, #60]
 441 0080 022B     		cmp	r3, #2
 442 0082 3DD0     		beq	.L47
 443              	.L40:
 444              	.LVL42:
 266:external/printf/printf.c ****       buf[len++] = 'b';
 267:external/printf/printf.c ****     }
 268:external/printf/printf.c ****     if (len < PRINTF_NTOA_BUFFER_SIZE) {
 445              		.loc 1 268 5 is_stmt 1 view .LVU109
 446              		.loc 1 268 8 is_stmt 0 view .LVU110
 447 0084 1F2C     		cmp	r4, #31
 448 0086 0ED8     		bhi	.L41
 269:external/printf/printf.c ****       buf[len++] = '0';
 449              		.loc 1 269 7 is_stmt 1 view .LVU111
 450              	.LVL43:
 451              		.loc 1 269 18 is_stmt 0 view .LVU112
 452 0088 4FF0300C 		mov	ip, #48
 453 008c 05F804C0 		strb	ip, [r5, r4]
 454              		.loc 1 269 14 view .LVU113
 455 0090 0134     		adds	r4, r4, #1
 456              	.LVL44:
 457              	.L34:
 270:external/printf/printf.c ****     }
 271:external/printf/printf.c ****   }
 272:external/printf/printf.c **** 
ARM GAS  C:\Users\bernd\AppData\Local\Temp\ccLnovA9.s 			page 14


 273:external/printf/printf.c ****   if (len < PRINTF_NTOA_BUFFER_SIZE) {
 458              		.loc 1 273 3 is_stmt 1 view .LVU114
 459              		.loc 1 273 6 is_stmt 0 view .LVU115
 460 0092 1F2C     		cmp	r4, #31
 461 0094 07D8     		bhi	.L41
 274:external/printf/printf.c ****     if (negative) {
 462              		.loc 1 274 5 is_stmt 1 view .LVU116
 463              		.loc 1 274 8 is_stmt 0 view .LVU117
 464 0096 B8F1000F 		cmp	r8, #0
 465 009a 39D0     		beq	.L42
 275:external/printf/printf.c ****       buf[len++] = '-';
 466              		.loc 1 275 7 is_stmt 1 view .LVU118
 467              	.LVL45:
 468              		.loc 1 275 18 is_stmt 0 view .LVU119
 469 009c 4FF02D0C 		mov	ip, #45
 470 00a0 05F804C0 		strb	ip, [r5, r4]
 471              		.loc 1 275 14 view .LVU120
 472 00a4 0134     		adds	r4, r4, #1
 473              	.LVL46:
 474              	.L41:
 276:external/printf/printf.c ****     }
 277:external/printf/printf.c ****     else if (flags & FLAGS_PLUS) {
 278:external/printf/printf.c ****       buf[len++] = '+';  // ignore the space if the '+' exists
 279:external/printf/printf.c ****     }
 280:external/printf/printf.c ****     else if (flags & FLAGS_SPACE) {
 281:external/printf/printf.c ****       buf[len++] = ' ';
 282:external/printf/printf.c ****     }
 283:external/printf/printf.c ****   }
 284:external/printf/printf.c **** 
 285:external/printf/printf.c ****   return _out_rev(out, buffer, idx, maxlen, buf, len, width, flags);
 475              		.loc 1 285 3 is_stmt 1 view .LVU121
 476              		.loc 1 285 10 is_stmt 0 view .LVU122
 477 00a6 0396     		str	r6, [sp, #12]
 478 00a8 0297     		str	r7, [sp, #8]
 479 00aa 0194     		str	r4, [sp, #4]
 480 00ac 0095     		str	r5, [sp]
 481 00ae 4B46     		mov	r3, r9
 482 00b0 FFF7FEFF 		bl	_out_rev
 483              	.LVL47:
 286:external/printf/printf.c **** }
 484              		.loc 1 286 1 view .LVU123
 485 00b4 05B0     		add	sp, sp, #20
 486              		.cfi_remember_state
 487              		.cfi_def_cfa_offset 28
 488              		@ sp needed
 489 00b6 BDE8F083 		pop	{r4, r5, r6, r7, r8, r9, pc}
 490              	.LVL48:
 491              	.L36:
 492              		.cfi_restore_state
 254:external/printf/printf.c ****       if (len && (base == 16U)) {
 493              		.loc 1 254 7 is_stmt 1 view .LVU124
 255:external/printf/printf.c ****         len--;
 494              		.loc 1 255 7 view .LVU125
 255:external/printf/printf.c ****         len--;
 495              		.loc 1 255 10 is_stmt 0 view .LVU126
 496 00ba B4F1010C 		subs	ip, r4, #1
 497              	.LVL49:
ARM GAS  C:\Users\bernd\AppData\Local\Temp\ccLnovA9.s 			page 15


 255:external/printf/printf.c ****         len--;
 498              		.loc 1 255 10 view .LVU127
 499 00be 1DD0     		beq	.L44
 255:external/printf/printf.c ****         len--;
 500              		.loc 1 255 15 discriminator 1 view .LVU128
 501 00c0 0F9B     		ldr	r3, [sp, #60]
 502              	.LVL50:
 255:external/printf/printf.c ****         len--;
 503              		.loc 1 255 15 discriminator 1 view .LVU129
 504 00c2 102B     		cmp	r3, #16
 505 00c4 0ED0     		beq	.L48
 254:external/printf/printf.c ****       if (len && (base == 16U)) {
 506              		.loc 1 254 10 view .LVU130
 507 00c6 6446     		mov	r4, ip
 508              	.LVL51:
 509              	.L37:
 262:external/printf/printf.c ****       buf[len++] = 'X';
 510              		.loc 1 262 10 is_stmt 1 view .LVU131
 262:external/printf/printf.c ****       buf[len++] = 'X';
 511              		.loc 1 262 13 is_stmt 0 view .LVU132
 512 00c8 0F9B     		ldr	r3, [sp, #60]
 513 00ca 102B     		cmp	r3, #16
 514 00cc D7D1     		bne	.L39
 262:external/printf/printf.c ****       buf[len++] = 'X';
 515              		.loc 1 262 28 discriminator 1 view .LVU133
 516 00ce 16F0200F 		tst	r6, #32
 517 00d2 D4D0     		beq	.L39
 262:external/printf/printf.c ****       buf[len++] = 'X';
 518              		.loc 1 262 57 discriminator 2 view .LVU134
 519 00d4 1F2C     		cmp	r4, #31
 520 00d6 D2D8     		bhi	.L39
 263:external/printf/printf.c ****     }
 521              		.loc 1 263 7 is_stmt 1 view .LVU135
 522              	.LVL52:
 263:external/printf/printf.c ****     }
 523              		.loc 1 263 18 is_stmt 0 view .LVU136
 524 00d8 4FF0580C 		mov	ip, #88
 525 00dc 05F804C0 		strb	ip, [r5, r4]
 263:external/printf/printf.c ****     }
 526              		.loc 1 263 14 view .LVU137
 527 00e0 0134     		adds	r4, r4, #1
 528              	.LVL53:
 263:external/printf/printf.c ****     }
 529              		.loc 1 263 18 view .LVU138
 530 00e2 CFE7     		b	.L40
 531              	.LVL54:
 532              	.L48:
 256:external/printf/printf.c ****       }
 533              		.loc 1 256 9 is_stmt 1 view .LVU139
 256:external/printf/printf.c ****       }
 534              		.loc 1 256 12 is_stmt 0 view .LVU140
 535 00e4 023C     		subs	r4, r4, #2
 536              	.LVL55:
 259:external/printf/printf.c ****       buf[len++] = 'x';
 537              		.loc 1 259 5 is_stmt 1 view .LVU141
 538              	.L38:
 259:external/printf/printf.c ****       buf[len++] = 'x';
ARM GAS  C:\Users\bernd\AppData\Local\Temp\ccLnovA9.s 			page 16


 539              		.loc 1 259 23 is_stmt 0 discriminator 1 view .LVU142
 540 00e6 16F0200F 		tst	r6, #32
 541 00ea EDD1     		bne	.L37
 259:external/printf/printf.c ****       buf[len++] = 'x';
 542              		.loc 1 259 53 discriminator 2 view .LVU143
 543 00ec 1F2C     		cmp	r4, #31
 544 00ee EBD8     		bhi	.L37
 260:external/printf/printf.c ****     }
 545              		.loc 1 260 7 is_stmt 1 view .LVU144
 546              	.LVL56:
 260:external/printf/printf.c ****     }
 547              		.loc 1 260 18 is_stmt 0 view .LVU145
 548 00f0 4FF0780C 		mov	ip, #120
 549 00f4 05F804C0 		strb	ip, [r5, r4]
 260:external/printf/printf.c ****     }
 550              		.loc 1 260 14 view .LVU146
 551 00f8 0134     		adds	r4, r4, #1
 552              	.LVL57:
 260:external/printf/printf.c ****     }
 553              		.loc 1 260 18 view .LVU147
 554 00fa C3E7     		b	.L40
 555              	.LVL58:
 556              	.L44:
 254:external/printf/printf.c ****       if (len && (base == 16U)) {
 557              		.loc 1 254 10 view .LVU148
 558 00fc 6446     		mov	r4, ip
 559 00fe BBE7     		b	.L35
 560              	.LVL59:
 561              	.L47:
 265:external/printf/printf.c ****       buf[len++] = 'b';
 562              		.loc 1 265 27 discriminator 1 view .LVU149
 563 0100 1F2C     		cmp	r4, #31
 564 0102 D0D8     		bhi	.L41
 266:external/printf/printf.c ****     }
 565              		.loc 1 266 7 is_stmt 1 view .LVU150
 566              	.LVL60:
 266:external/printf/printf.c ****     }
 567              		.loc 1 266 18 is_stmt 0 view .LVU151
 568 0104 4FF0620C 		mov	ip, #98
 569 0108 05F804C0 		strb	ip, [r5, r4]
 266:external/printf/printf.c ****     }
 570              		.loc 1 266 14 view .LVU152
 571 010c 0134     		adds	r4, r4, #1
 572              	.LVL61:
 266:external/printf/printf.c ****     }
 573              		.loc 1 266 14 view .LVU153
 574 010e B9E7     		b	.L40
 575              	.L42:
 277:external/printf/printf.c ****       buf[len++] = '+';  // ignore the space if the '+' exists
 576              		.loc 1 277 10 is_stmt 1 view .LVU154
 277:external/printf/printf.c ****       buf[len++] = '+';  // ignore the space if the '+' exists
 577              		.loc 1 277 13 is_stmt 0 view .LVU155
 578 0110 16F0040F 		tst	r6, #4
 579 0114 05D0     		beq	.L43
 278:external/printf/printf.c ****     }
 580              		.loc 1 278 7 is_stmt 1 view .LVU156
 581              	.LVL62:
ARM GAS  C:\Users\bernd\AppData\Local\Temp\ccLnovA9.s 			page 17


 278:external/printf/printf.c ****     }
 582              		.loc 1 278 18 is_stmt 0 view .LVU157
 583 0116 4FF02B0C 		mov	ip, #43
 584 011a 05F804C0 		strb	ip, [r5, r4]
 278:external/printf/printf.c ****     }
 585              		.loc 1 278 14 view .LVU158
 586 011e 0134     		adds	r4, r4, #1
 587              	.LVL63:
 278:external/printf/printf.c ****     }
 588              		.loc 1 278 14 view .LVU159
 589 0120 C1E7     		b	.L41
 590              	.L43:
 280:external/printf/printf.c ****       buf[len++] = ' ';
 591              		.loc 1 280 10 is_stmt 1 view .LVU160
 280:external/printf/printf.c ****       buf[len++] = ' ';
 592              		.loc 1 280 13 is_stmt 0 view .LVU161
 593 0122 16F0080F 		tst	r6, #8
 594 0126 BED0     		beq	.L41
 281:external/printf/printf.c ****     }
 595              		.loc 1 281 7 is_stmt 1 view .LVU162
 596              	.LVL64:
 281:external/printf/printf.c ****     }
 597              		.loc 1 281 18 is_stmt 0 view .LVU163
 598 0128 4FF0200C 		mov	ip, #32
 599 012c 05F804C0 		strb	ip, [r5, r4]
 281:external/printf/printf.c ****     }
 600              		.loc 1 281 14 view .LVU164
 601 0130 0134     		adds	r4, r4, #1
 602              	.LVL65:
 281:external/printf/printf.c ****     }
 603              		.loc 1 281 14 view .LVU165
 604 0132 B8E7     		b	.L41
 605              		.cfi_endproc
 606              	.LFE146:
 608              		.section	.text._ntoa_long,"ax",%progbits
 609              		.align	1
 610              		.syntax unified
 611              		.thumb
 612              		.thumb_func
 614              	_ntoa_long:
 615              	.LVL66:
 616              	.LFB147:
 287:external/printf/printf.c **** 
 288:external/printf/printf.c **** 
 289:external/printf/printf.c **** // internal itoa for 'long' type
 290:external/printf/printf.c **** static size_t _ntoa_long(out_fct_type out, char* buffer, size_t idx, size_t maxlen, unsigned long v
 291:external/printf/printf.c **** {
 617              		.loc 1 291 1 is_stmt 1 view -0
 618              		.cfi_startproc
 619              		@ args = 24, pretend = 0, frame = 32
 620              		@ frame_needed = 0, uses_anonymous_args = 0
 621              		.loc 1 291 1 is_stmt 0 view .LVU167
 622 0000 F0B5     		push	{r4, r5, r6, r7, lr}
 623              		.cfi_def_cfa_offset 20
 624              		.cfi_offset 4, -20
 625              		.cfi_offset 5, -16
 626              		.cfi_offset 6, -12
ARM GAS  C:\Users\bernd\AppData\Local\Temp\ccLnovA9.s 			page 18


 627              		.cfi_offset 7, -8
 628              		.cfi_offset 14, -4
 629 0002 91B0     		sub	sp, sp, #68
 630              		.cfi_def_cfa_offset 88
 631 0004 169C     		ldr	r4, [sp, #88]
 632 0006 189D     		ldr	r5, [sp, #96]
 633 0008 1B9E     		ldr	r6, [sp, #108]
 292:external/printf/printf.c ****   char buf[PRINTF_NTOA_BUFFER_SIZE];
 634              		.loc 1 292 3 is_stmt 1 view .LVU168
 293:external/printf/printf.c ****   size_t len = 0U;
 635              		.loc 1 293 3 view .LVU169
 636              	.LVL67:
 294:external/printf/printf.c **** 
 295:external/printf/printf.c ****   // no hash for 0 values
 296:external/printf/printf.c ****   if (!value) {
 637              		.loc 1 296 3 view .LVU170
 638              		.loc 1 296 6 is_stmt 0 view .LVU171
 639 000a 0CB9     		cbnz	r4, .L50
 297:external/printf/printf.c ****     flags &= ~FLAGS_HASH;
 640              		.loc 1 297 5 is_stmt 1 view .LVU172
 641              		.loc 1 297 11 is_stmt 0 view .LVU173
 642 000c 26F01006 		bic	r6, r6, #16
 643              	.L50:
 644              	.LVL68:
 298:external/printf/printf.c ****   }
 299:external/printf/printf.c **** 
 300:external/printf/printf.c ****   // write if precision != 0 and value is != 0
 301:external/printf/printf.c ****   if (!(flags & FLAGS_PRECISION) || value) {
 645              		.loc 1 301 3 is_stmt 1 view .LVU174
 646              		.loc 1 301 6 is_stmt 0 view .LVU175
 647 0010 16F4806E 		ands	lr, r6, #1024
 648 0014 1DD0     		beq	.L56
 649              		.loc 1 301 34 discriminator 1 view .LVU176
 650 0016 64B3     		cbz	r4, .L57
 651 0018 4FF0000E 		mov	lr, #0
 652 001c 19E0     		b	.L56
 653              	.LVL69:
 654              	.L53:
 655              	.LBB24:
 302:external/printf/printf.c ****     do {
 303:external/printf/printf.c ****       const char digit = (char)(value % base);
 304:external/printf/printf.c ****       buf[len++] = digit < 10 ? '0' + digit : (flags & FLAGS_UPPERCASE ? 'A' : 'a') + digit - 10;
 656              		.loc 1 304 85 discriminator 2 view .LVU177
 657 001e 16F0200F 		tst	r6, #32
 658 0022 24D0     		beq	.L58
 659              		.loc 1 304 85 discriminator 4 view .LVU178
 660 0024 4127     		movs	r7, #65
 661              	.L55:
 662              		.loc 1 304 85 discriminator 7 view .LVU179
 663 0026 BC44     		add	ip, ip, r7
 664              	.LVL70:
 665              		.loc 1 304 85 discriminator 7 view .LVU180
 666 0028 5FFA8CFC 		uxtb	ip, ip
 667              		.loc 1 304 18 discriminator 7 view .LVU181
 668 002c ACF10A0C 		sub	ip, ip, #10
 669 0030 5FFA8CFC 		uxtb	ip, ip
 670              	.L54:
ARM GAS  C:\Users\bernd\AppData\Local\Temp\ccLnovA9.s 			page 19


 671              		.loc 1 304 14 discriminator 8 view .LVU182
 672 0034 0EF10107 		add	r7, lr, #1
 673              	.LVL71:
 674              		.loc 1 304 18 discriminator 8 view .LVU183
 675 0038 0EF1400E 		add	lr, lr, #64
 676 003c EE44     		add	lr, sp, lr
 677 003e 0EF820CC 		strb	ip, [lr, #-32]
 305:external/printf/printf.c ****       value /= base;
 678              		.loc 1 305 7 is_stmt 1 view .LVU184
 679              		.loc 1 305 13 is_stmt 0 view .LVU185
 680 0042 B4FBF5FC 		udiv	ip, r4, r5
 681              	.LVL72:
 682              		.loc 1 305 13 view .LVU186
 683              	.LBE24:
 306:external/printf/printf.c ****     } while (value && (len < PRINTF_NTOA_BUFFER_SIZE));
 684              		.loc 1 306 20 is_stmt 1 view .LVU187
 685 0046 AC42     		cmp	r4, r5
 686 0048 14D3     		bcc	.L52
 687              		.loc 1 306 20 is_stmt 0 discriminator 1 view .LVU188
 688 004a 1F2F     		cmp	r7, #31
 689 004c 12D8     		bhi	.L52
 690              	.LBB25:
 304:external/printf/printf.c ****       value /= base;
 691              		.loc 1 304 14 discriminator 8 view .LVU189
 692 004e BE46     		mov	lr, r7
 305:external/printf/printf.c ****       value /= base;
 693              		.loc 1 305 13 view .LVU190
 694 0050 6446     		mov	r4, ip
 695              	.LVL73:
 696              	.L56:
 305:external/printf/printf.c ****       value /= base;
 697              		.loc 1 305 13 view .LVU191
 698              	.LBE25:
 302:external/printf/printf.c ****       const char digit = (char)(value % base);
 699              		.loc 1 302 5 is_stmt 1 view .LVU192
 700              	.LBB26:
 303:external/printf/printf.c ****       buf[len++] = digit < 10 ? '0' + digit : (flags & FLAGS_UPPERCASE ? 'A' : 'a') + digit - 10;
 701              		.loc 1 303 7 view .LVU193
 303:external/printf/printf.c ****       buf[len++] = digit < 10 ? '0' + digit : (flags & FLAGS_UPPERCASE ? 'A' : 'a') + digit - 10;
 702              		.loc 1 303 39 is_stmt 0 view .LVU194
 703 0052 B4FBF5FC 		udiv	ip, r4, r5
 704 0056 05FB1C4C 		mls	ip, r5, ip, r4
 303:external/printf/printf.c ****       buf[len++] = digit < 10 ? '0' + digit : (flags & FLAGS_UPPERCASE ? 'A' : 'a') + digit - 10;
 705              		.loc 1 303 18 view .LVU195
 706 005a 5FFA8CFC 		uxtb	ip, ip
 707              	.LVL74:
 304:external/printf/printf.c ****       value /= base;
 708              		.loc 1 304 7 is_stmt 1 view .LVU196
 304:external/printf/printf.c ****       value /= base;
 709              		.loc 1 304 18 is_stmt 0 view .LVU197
 710 005e BCF1090F 		cmp	ip, #9
 711 0062 DCD8     		bhi	.L53
 304:external/printf/printf.c ****       value /= base;
 712              		.loc 1 304 18 discriminator 1 view .LVU198
 713 0064 0CF1300C 		add	ip, ip, #48
 714              	.LVL75:
 304:external/printf/printf.c ****       value /= base;
ARM GAS  C:\Users\bernd\AppData\Local\Temp\ccLnovA9.s 			page 20


 715              		.loc 1 304 18 discriminator 1 view .LVU199
 716 0068 5FFA8CFC 		uxtb	ip, ip
 717              	.LVL76:
 304:external/printf/printf.c ****       value /= base;
 718              		.loc 1 304 18 discriminator 1 view .LVU200
 719 006c E2E7     		b	.L54
 720              	.LVL77:
 721              	.L58:
 304:external/printf/printf.c ****       value /= base;
 722              		.loc 1 304 85 discriminator 5 view .LVU201
 723 006e 6127     		movs	r7, #97
 724 0070 D9E7     		b	.L55
 725              	.LVL78:
 726              	.L57:
 304:external/printf/printf.c ****       value /= base;
 727              		.loc 1 304 85 discriminator 5 view .LVU202
 728              	.LBE26:
 293:external/printf/printf.c **** 
 729              		.loc 1 293 10 view .LVU203
 730 0072 2746     		mov	r7, r4
 731              	.LVL79:
 732              	.L52:
 307:external/printf/printf.c ****   }
 308:external/printf/printf.c **** 
 309:external/printf/printf.c ****   return _ntoa_format(out, buffer, idx, maxlen, buf, len, negative, (unsigned int)base, prec, width
 733              		.loc 1 309 3 is_stmt 1 view .LVU204
 734              		.loc 1 309 10 is_stmt 0 view .LVU205
 735 0074 0696     		str	r6, [sp, #24]
 736 0076 1A9C     		ldr	r4, [sp, #104]
 737 0078 0594     		str	r4, [sp, #20]
 738 007a 199C     		ldr	r4, [sp, #100]
 739 007c 0494     		str	r4, [sp, #16]
 740 007e 0395     		str	r5, [sp, #12]
 741 0080 9DF85C40 		ldrb	r4, [sp, #92]	@ zero_extendqisi2
 742 0084 0294     		str	r4, [sp, #8]
 743 0086 0197     		str	r7, [sp, #4]
 744 0088 08AC     		add	r4, sp, #32
 745 008a 0094     		str	r4, [sp]
 746 008c FFF7FEFF 		bl	_ntoa_format
 747              	.LVL80:
 310:external/printf/printf.c **** }
 748              		.loc 1 310 1 view .LVU206
 749 0090 11B0     		add	sp, sp, #68
 750              		.cfi_def_cfa_offset 20
 751              		@ sp needed
 752 0092 F0BD     		pop	{r4, r5, r6, r7, pc}
 753              		.loc 1 310 1 view .LVU207
 754              		.cfi_endproc
 755              	.LFE147:
 757              		.section	.text._ntoa_long_long,"ax",%progbits
 758              		.align	1
 759              		.syntax unified
 760              		.thumb
 761              		.thumb_func
 763              	_ntoa_long_long:
 764              	.LVL81:
 765              	.LFB148:
ARM GAS  C:\Users\bernd\AppData\Local\Temp\ccLnovA9.s 			page 21


 311:external/printf/printf.c **** 
 312:external/printf/printf.c **** 
 313:external/printf/printf.c **** // internal itoa for 'long long' type
 314:external/printf/printf.c **** #if defined(PRINTF_SUPPORT_LONG_LONG)
 315:external/printf/printf.c **** static size_t _ntoa_long_long(out_fct_type out, char* buffer, size_t idx, size_t maxlen, unsigned l
 316:external/printf/printf.c **** {
 766              		.loc 1 316 1 is_stmt 1 view -0
 767              		.cfi_startproc
 768              		@ args = 36, pretend = 0, frame = 48
 769              		@ frame_needed = 0, uses_anonymous_args = 0
 770              		.loc 1 316 1 is_stmt 0 view .LVU209
 771 0000 2DE9F04F 		push	{r4, r5, r6, r7, r8, r9, r10, fp, lr}
 772              		.cfi_def_cfa_offset 36
 773              		.cfi_offset 4, -36
 774              		.cfi_offset 5, -32
 775              		.cfi_offset 6, -28
 776              		.cfi_offset 7, -24
 777              		.cfi_offset 8, -20
 778              		.cfi_offset 9, -16
 779              		.cfi_offset 10, -12
 780              		.cfi_offset 11, -8
 781              		.cfi_offset 14, -4
 782 0004 95B0     		sub	sp, sp, #84
 783              		.cfi_def_cfa_offset 120
 784 0006 0990     		str	r0, [sp, #36]
 785 0008 0A91     		str	r1, [sp, #40]
 786 000a 0B92     		str	r2, [sp, #44]
 787 000c 9846     		mov	r8, r3
 788 000e DDF878B0 		ldr	fp, [sp, #120]
 789 0012 DDF87C90 		ldr	r9, [sp, #124]
 790 0016 229D     		ldr	r5, [sp, #136]
 791 0018 239F     		ldr	r7, [sp, #140]
 792 001a 269E     		ldr	r6, [sp, #152]
 317:external/printf/printf.c ****   char buf[PRINTF_NTOA_BUFFER_SIZE];
 793              		.loc 1 317 3 is_stmt 1 view .LVU210
 318:external/printf/printf.c ****   size_t len = 0U;
 794              		.loc 1 318 3 view .LVU211
 795              	.LVL82:
 319:external/printf/printf.c **** 
 320:external/printf/printf.c ****   // no hash for 0 values
 321:external/printf/printf.c ****   if (!value) {
 796              		.loc 1 321 3 view .LVU212
 797              		.loc 1 321 6 is_stmt 0 view .LVU213
 798 001c 5BEA0902 		orrs	r2, fp, r9
 799              	.LVL83:
 800              		.loc 1 321 6 view .LVU214
 801 0020 01D1     		bne	.L62
 322:external/printf/printf.c ****     flags &= ~FLAGS_HASH;
 802              		.loc 1 322 5 is_stmt 1 view .LVU215
 803              		.loc 1 322 11 is_stmt 0 view .LVU216
 804 0022 26F01006 		bic	r6, r6, #16
 805              	.L62:
 806              	.LVL84:
 323:external/printf/printf.c ****   }
 324:external/printf/printf.c **** 
 325:external/printf/printf.c ****   // write if precision != 0 and value is != 0
 326:external/printf/printf.c ****   if (!(flags & FLAGS_PRECISION) || value) {
ARM GAS  C:\Users\bernd\AppData\Local\Temp\ccLnovA9.s 			page 22


 807              		.loc 1 326 3 is_stmt 1 view .LVU217
 808              		.loc 1 326 6 is_stmt 0 view .LVU218
 809 0026 16F48064 		ands	r4, r6, #1024
 810 002a 24D0     		beq	.L68
 811              		.loc 1 326 34 discriminator 1 view .LVU219
 812 002c 5BEA0902 		orrs	r2, fp, r9
 813 0030 2FD0     		beq	.L69
 814 0032 0024     		movs	r4, #0
 815 0034 1FE0     		b	.L68
 816              	.LVL85:
 817              	.L65:
 818              	.LBB27:
 327:external/printf/printf.c ****     do {
 328:external/printf/printf.c ****       const char digit = (char)(value % base);
 329:external/printf/printf.c ****       buf[len++] = digit < 10 ? '0' + digit : (flags & FLAGS_UPPERCASE ? 'A' : 'a') + digit - 10;
 819              		.loc 1 329 85 discriminator 2 view .LVU220
 820 0036 16F0200F 		tst	r6, #32
 821 003a 28D0     		beq	.L70
 822              		.loc 1 329 85 discriminator 4 view .LVU221
 823 003c 4123     		movs	r3, #65
 824              	.L67:
 825              		.loc 1 329 85 discriminator 7 view .LVU222
 826 003e 1344     		add	r3, r3, r2
 827 0040 DBB2     		uxtb	r3, r3
 828              		.loc 1 329 18 discriminator 7 view .LVU223
 829 0042 0A3B     		subs	r3, r3, #10
 830 0044 DBB2     		uxtb	r3, r3
 831              	.LVL86:
 832              	.L66:
 833              		.loc 1 329 14 discriminator 8 view .LVU224
 834 0046 04F1010A 		add	r10, r4, #1
 835              	.LVL87:
 836              		.loc 1 329 18 discriminator 8 view .LVU225
 837 004a 04F15002 		add	r2, r4, #80
 838 004e 0DEB0204 		add	r4, sp, r2
 839 0052 04F8203C 		strb	r3, [r4, #-32]
 330:external/printf/printf.c ****       value /= base;
 840              		.loc 1 330 7 is_stmt 1 view .LVU226
 841              		.loc 1 330 13 is_stmt 0 view .LVU227
 842 0056 2A46     		mov	r2, r5
 843 0058 3B46     		mov	r3, r7
 844 005a 5846     		mov	r0, fp
 845 005c 4946     		mov	r1, r9
 846 005e FFF7FEFF 		bl	__aeabi_uldivmod
 847              	.LVL88:
 848              		.loc 1 330 13 view .LVU228
 849              	.LBE27:
 331:external/printf/printf.c ****     } while (value && (len < PRINTF_NTOA_BUFFER_SIZE));
 850              		.loc 1 331 20 is_stmt 1 view .LVU229
 851 0062 AB45     		cmp	fp, r5
 852 0064 79EB0709 		sbcs	r9, r9, r7
 853 0068 15D3     		bcc	.L64
 854              		.loc 1 331 20 is_stmt 0 discriminator 1 view .LVU230
 855 006a BAF11F0F 		cmp	r10, #31
 856 006e 12D8     		bhi	.L64
 857              	.LBB28:
 329:external/printf/printf.c ****       value /= base;
ARM GAS  C:\Users\bernd\AppData\Local\Temp\ccLnovA9.s 			page 23


 858              		.loc 1 329 14 discriminator 8 view .LVU231
 859 0070 5446     		mov	r4, r10
 330:external/printf/printf.c ****       value /= base;
 860              		.loc 1 330 13 view .LVU232
 861 0072 8346     		mov	fp, r0
 862 0074 8946     		mov	r9, r1
 863              	.LVL89:
 864              	.L68:
 330:external/printf/printf.c ****       value /= base;
 865              		.loc 1 330 13 view .LVU233
 866              	.LBE28:
 327:external/printf/printf.c ****       const char digit = (char)(value % base);
 867              		.loc 1 327 5 is_stmt 1 view .LVU234
 868              	.LBB29:
 328:external/printf/printf.c ****       buf[len++] = digit < 10 ? '0' + digit : (flags & FLAGS_UPPERCASE ? 'A' : 'a') + digit - 10;
 869              		.loc 1 328 7 view .LVU235
 328:external/printf/printf.c ****       buf[len++] = digit < 10 ? '0' + digit : (flags & FLAGS_UPPERCASE ? 'A' : 'a') + digit - 10;
 870              		.loc 1 328 39 is_stmt 0 view .LVU236
 871 0076 2A46     		mov	r2, r5
 872 0078 3B46     		mov	r3, r7
 873 007a 5846     		mov	r0, fp
 874 007c 4946     		mov	r1, r9
 875 007e FFF7FEFF 		bl	__aeabi_uldivmod
 876              	.LVL90:
 328:external/printf/printf.c ****       buf[len++] = digit < 10 ? '0' + digit : (flags & FLAGS_UPPERCASE ? 'A' : 'a') + digit - 10;
 877              		.loc 1 328 18 view .LVU237
 878 0082 D2B2     		uxtb	r2, r2
 879              	.LVL91:
 329:external/printf/printf.c ****       value /= base;
 880              		.loc 1 329 7 is_stmt 1 view .LVU238
 329:external/printf/printf.c ****       value /= base;
 881              		.loc 1 329 18 is_stmt 0 view .LVU239
 882 0084 092A     		cmp	r2, #9
 883 0086 D6D8     		bhi	.L65
 329:external/printf/printf.c ****       value /= base;
 884              		.loc 1 329 18 discriminator 1 view .LVU240
 885 0088 3032     		adds	r2, r2, #48
 886              	.LVL92:
 329:external/printf/printf.c ****       value /= base;
 887              		.loc 1 329 18 discriminator 1 view .LVU241
 888 008a D3B2     		uxtb	r3, r2
 889 008c DBE7     		b	.L66
 890              	.LVL93:
 891              	.L70:
 329:external/printf/printf.c ****       value /= base;
 892              		.loc 1 329 85 discriminator 5 view .LVU242
 893 008e 6123     		movs	r3, #97
 894 0090 D5E7     		b	.L67
 895              	.LVL94:
 896              	.L69:
 329:external/printf/printf.c ****       value /= base;
 897              		.loc 1 329 85 discriminator 5 view .LVU243
 898              	.LBE29:
 318:external/printf/printf.c **** 
 899              		.loc 1 318 10 view .LVU244
 900 0092 4FF0000A 		mov	r10, #0
 901              	.LVL95:
ARM GAS  C:\Users\bernd\AppData\Local\Temp\ccLnovA9.s 			page 24


 902              	.L64:
 332:external/printf/printf.c ****   }
 333:external/printf/printf.c **** 
 334:external/printf/printf.c ****   return _ntoa_format(out, buffer, idx, maxlen, buf, len, negative, (unsigned int)base, prec, width
 903              		.loc 1 334 3 is_stmt 1 view .LVU245
 904              		.loc 1 334 10 is_stmt 0 view .LVU246
 905 0096 0696     		str	r6, [sp, #24]
 906 0098 259B     		ldr	r3, [sp, #148]
 907 009a 0593     		str	r3, [sp, #20]
 908 009c 249B     		ldr	r3, [sp, #144]
 909 009e 0493     		str	r3, [sp, #16]
 910 00a0 0395     		str	r5, [sp, #12]
 911 00a2 9DF88030 		ldrb	r3, [sp, #128]	@ zero_extendqisi2
 912 00a6 0293     		str	r3, [sp, #8]
 913 00a8 CDF804A0 		str	r10, [sp, #4]
 914 00ac 0CAB     		add	r3, sp, #48
 915 00ae 0093     		str	r3, [sp]
 916 00b0 4346     		mov	r3, r8
 917 00b2 0B9A     		ldr	r2, [sp, #44]
 918 00b4 0A99     		ldr	r1, [sp, #40]
 919 00b6 0998     		ldr	r0, [sp, #36]
 920 00b8 FFF7FEFF 		bl	_ntoa_format
 921              	.LVL96:
 335:external/printf/printf.c **** }
 922              		.loc 1 335 1 view .LVU247
 923 00bc 15B0     		add	sp, sp, #84
 924              		.cfi_def_cfa_offset 36
 925              		@ sp needed
 926 00be BDE8F08F 		pop	{r4, r5, r6, r7, r8, r9, r10, fp, pc}
 927              		.loc 1 335 1 view .LVU248
 928              		.cfi_endproc
 929              	.LFE148:
 931              		.section	.rodata._ftoa.str1.4,"aMS",%progbits,1
 932              		.align	2
 933              	.LC0:
 934 0000 666E692B 		.ascii	"fni+\000"
 934      00
 935 0005 000000   		.align	2
 936              	.LC1:
 937 0008 666E6900 		.ascii	"fni\000"
 938              		.align	2
 939              	.LC2:
 940 000c 6E616E00 		.ascii	"nan\000"
 941              		.align	2
 942              	.LC3:
 943 0010 666E692D 		.ascii	"fni-\000"
 943      00
 944              		.section	.text._ftoa,"ax",%progbits
 945              		.align	1
 946              		.syntax unified
 947              		.thumb
 948              		.thumb_func
 950              	_ftoa:
 951              	.LVL97:
 952              	.LFB149:
 336:external/printf/printf.c **** #endif  // PRINTF_SUPPORT_LONG_LONG
 337:external/printf/printf.c **** 
ARM GAS  C:\Users\bernd\AppData\Local\Temp\ccLnovA9.s 			page 25


 338:external/printf/printf.c **** 
 339:external/printf/printf.c **** #if defined(PRINTF_SUPPORT_FLOAT)
 340:external/printf/printf.c **** 
 341:external/printf/printf.c **** #if defined(PRINTF_SUPPORT_EXPONENTIAL)
 342:external/printf/printf.c **** // forward declaration so that _ftoa can switch to exp notation for values > PRINTF_MAX_FLOAT
 343:external/printf/printf.c **** static size_t _etoa(out_fct_type out, char* buffer, size_t idx, size_t maxlen, double value, unsign
 344:external/printf/printf.c **** #endif
 345:external/printf/printf.c **** 
 346:external/printf/printf.c **** 
 347:external/printf/printf.c **** // internal ftoa for fixed decimal floating point
 348:external/printf/printf.c **** static size_t _ftoa(out_fct_type out, char* buffer, size_t idx, size_t maxlen, double value, unsign
 349:external/printf/printf.c **** {
 953              		.loc 1 349 1 is_stmt 1 view -0
 954              		.cfi_startproc
 955              		@ args = 12, pretend = 0, frame = 56
 956              		@ frame_needed = 0, uses_anonymous_args = 0
 957              		.loc 1 349 1 is_stmt 0 view .LVU250
 958 0000 2DE9F04F 		push	{r4, r5, r6, r7, r8, r9, r10, fp, lr}
 959              		.cfi_def_cfa_offset 36
 960              		.cfi_offset 4, -36
 961              		.cfi_offset 5, -32
 962              		.cfi_offset 6, -28
 963              		.cfi_offset 7, -24
 964              		.cfi_offset 8, -20
 965              		.cfi_offset 9, -16
 966              		.cfi_offset 10, -12
 967              		.cfi_offset 11, -8
 968              		.cfi_offset 14, -4
 969 0004 2DED028B 		vpush.64	{d8}
 970              		.cfi_def_cfa_offset 44
 971              		.cfi_offset 80, -44
 972              		.cfi_offset 81, -40
 973 0008 93B0     		sub	sp, sp, #76
 974              		.cfi_def_cfa_offset 120
 975 000a 0590     		str	r0, [sp, #20]
 976 000c 0891     		str	r1, [sp, #32]
 977 000e 9246     		mov	r10, r2
 978 0010 9B46     		mov	fp, r3
 979 0012 57EC106B 		vmov	r6, r7, d0
 980 0016 1E9D     		ldr	r5, [sp, #120]
 350:external/printf/printf.c ****   char buf[PRINTF_FTOA_BUFFER_SIZE];
 981              		.loc 1 350 3 is_stmt 1 view .LVU251
 351:external/printf/printf.c ****   size_t len  = 0U;
 982              		.loc 1 351 3 view .LVU252
 983              	.LVL98:
 352:external/printf/printf.c ****   double diff = 0.0;
 984              		.loc 1 352 3 view .LVU253
 353:external/printf/printf.c **** 
 354:external/printf/printf.c ****   // powers of 10
 355:external/printf/printf.c ****   static const double pow10[] = { 1, 10, 100, 1000, 10000, 100000, 1000000, 10000000, 100000000, 10
 985              		.loc 1 355 3 view .LVU254
 356:external/printf/printf.c **** 
 357:external/printf/printf.c ****   // test for special values
 358:external/printf/printf.c ****   if (value != value)
 986              		.loc 1 358 3 view .LVU255
 987              		.loc 1 358 6 is_stmt 0 view .LVU256
 988 0018 3246     		mov	r2, r6
ARM GAS  C:\Users\bernd\AppData\Local\Temp\ccLnovA9.s 			page 26


 989              	.LVL99:
 990              		.loc 1 358 6 view .LVU257
 991 001a 3B46     		mov	r3, r7
 992              	.LVL100:
 993              		.loc 1 358 6 view .LVU258
 994 001c 3046     		mov	r0, r6
 995              	.LVL101:
 996              		.loc 1 358 6 view .LVU259
 997 001e 3946     		mov	r1, r7
 998              	.LVL102:
 999              		.loc 1 358 6 view .LVU260
 1000 0020 FFF7FEFF 		bl	__aeabi_dcmpeq
 1001              	.LVL103:
 1002              		.loc 1 358 6 view .LVU261
 1003 0024 0028     		cmp	r0, #0
 1004 0026 37D0     		beq	.L140
 359:external/printf/printf.c ****     return _out_rev(out, buffer, idx, maxlen, "nan", 3, width, flags);
 360:external/printf/printf.c ****   if (value < -DBL_MAX)
 1005              		.loc 1 360 3 is_stmt 1 view .LVU262
 1006              		.loc 1 360 6 is_stmt 0 view .LVU263
 1007 0028 4FF0FF32 		mov	r2, #-1
 1008 002c 6FF48013 		mvn	r3, #1048576
 1009 0030 3046     		mov	r0, r6
 1010 0032 3946     		mov	r1, r7
 1011 0034 FFF7FEFF 		bl	__aeabi_dcmplt
 1012              	.LVL104:
 1013 0038 0028     		cmp	r0, #0
 1014 003a 3CD1     		bne	.L141
 361:external/printf/printf.c ****     return _out_rev(out, buffer, idx, maxlen, "fni-", 4, width, flags);
 362:external/printf/printf.c ****   if (value > DBL_MAX)
 1015              		.loc 1 362 3 is_stmt 1 view .LVU264
 1016              		.loc 1 362 6 is_stmt 0 view .LVU265
 1017 003c 4FF0FF32 		mov	r2, #-1
 1018 0040 B14B     		ldr	r3, .L145+16
 1019 0042 3046     		mov	r0, r6
 1020 0044 3946     		mov	r1, r7
 1021 0046 FFF7FEFF 		bl	__aeabi_dcmpgt
 1022              	.LVL105:
 1023 004a 0028     		cmp	r0, #0
 1024 004c 42D1     		bne	.L142
 363:external/printf/printf.c ****     return _out_rev(out, buffer, idx, maxlen, (flags & FLAGS_PLUS) ? "fni+" : "fni", (flags & FLAGS
 364:external/printf/printf.c **** 
 365:external/printf/printf.c ****   // test for very large values
 366:external/printf/printf.c ****   // standard printf behavior is to print EVERY whole number digit -- which could be 100s of charac
 367:external/printf/printf.c ****   if ((value > PRINTF_MAX_FLOAT) || (value < -PRINTF_MAX_FLOAT)) {
 1025              		.loc 1 367 3 is_stmt 1 view .LVU266
 1026              		.loc 1 367 6 is_stmt 0 view .LVU267
 1027 004e AAA3     		adr	r3, .L145
 1028 0050 D3E90023 		ldrd	r2, [r3]
 1029 0054 3046     		mov	r0, r6
 1030 0056 3946     		mov	r1, r7
 1031 0058 FFF7FEFF 		bl	__aeabi_dcmpgt
 1032              	.LVL106:
 1033 005c 0028     		cmp	r0, #0
 1034 005e 40F08D81 		bne	.L115
 1035              		.loc 1 367 34 discriminator 1 view .LVU268
 1036 0062 A7A3     		adr	r3, .L145+8
ARM GAS  C:\Users\bernd\AppData\Local\Temp\ccLnovA9.s 			page 27


 1037 0064 D3E90023 		ldrd	r2, [r3]
 1038 0068 3046     		mov	r0, r6
 1039 006a 3946     		mov	r1, r7
 1040 006c FFF7FEFF 		bl	__aeabi_dcmplt
 1041              	.LVL107:
 1042 0070 0028     		cmp	r0, #0
 1043 0072 40F08581 		bne	.L116
 368:external/printf/printf.c **** #if defined(PRINTF_SUPPORT_EXPONENTIAL)
 369:external/printf/printf.c ****     return _etoa(out, buffer, idx, maxlen, value, prec, width, flags);
 370:external/printf/printf.c **** #else
 371:external/printf/printf.c ****     return 0U;
 372:external/printf/printf.c **** #endif
 373:external/printf/printf.c ****   }
 374:external/printf/printf.c **** 
 375:external/printf/printf.c ****   // test for negative
 376:external/printf/printf.c ****   bool negative = false;
 1044              		.loc 1 376 3 is_stmt 1 view .LVU269
 1045              	.LVL108:
 377:external/printf/printf.c ****   if (value < 0) {
 1046              		.loc 1 377 3 view .LVU270
 1047              		.loc 1 377 6 is_stmt 0 view .LVU271
 1048 0076 0022     		movs	r2, #0
 1049 0078 0023     		movs	r3, #0
 1050 007a 3046     		mov	r0, r6
 1051 007c 3946     		mov	r1, r7
 1052 007e FFF7FEFF 		bl	__aeabi_dcmplt
 1053              	.LVL109:
 1054 0082 0028     		cmp	r0, #0
 1055 0084 40D1     		bne	.L143
 376:external/printf/printf.c ****   if (value < 0) {
 1056              		.loc 1 376 8 view .LVU272
 1057 0086 0023     		movs	r3, #0
 1058 0088 0993     		str	r3, [sp, #36]
 1059              	.LVL110:
 1060              	.L84:
 378:external/printf/printf.c ****     negative = true;
 379:external/printf/printf.c ****     value = 0 - value;
 380:external/printf/printf.c ****   }
 381:external/printf/printf.c **** 
 382:external/printf/printf.c ****   // set default precision, if not set explicitly
 383:external/printf/printf.c ****   if (!(flags & FLAGS_PRECISION)) {
 1061              		.loc 1 383 3 is_stmt 1 view .LVU273
 1062              		.loc 1 383 6 is_stmt 0 view .LVU274
 1063 008a 209B     		ldr	r3, [sp, #128]
 1064 008c 13F4806F 		tst	r3, #1024
 1065 0090 00F0A580 		beq	.L118
 1066              	.L86:
 1067              	.LVL111:
 384:external/printf/printf.c ****     prec = PRINTF_DEFAULT_FLOAT_PRECISION;
 1068              		.loc 1 384 10 view .LVU275
 1069 0094 0024     		movs	r4, #0
 1070 0096 4AE0     		b	.L88
 1071              	.LVL112:
 1072              	.L140:
 359:external/printf/printf.c ****   if (value < -DBL_MAX)
 1073              		.loc 1 359 5 is_stmt 1 view .LVU276
 359:external/printf/printf.c ****   if (value < -DBL_MAX)
ARM GAS  C:\Users\bernd\AppData\Local\Temp\ccLnovA9.s 			page 28


 1074              		.loc 1 359 12 is_stmt 0 view .LVU277
 1075 0098 209B     		ldr	r3, [sp, #128]
 1076 009a 0393     		str	r3, [sp, #12]
 1077 009c 1F9B     		ldr	r3, [sp, #124]
 1078 009e 0293     		str	r3, [sp, #8]
 1079 00a0 0323     		movs	r3, #3
 1080 00a2 0193     		str	r3, [sp, #4]
 1081 00a4 994B     		ldr	r3, .L145+20
 1082 00a6 0093     		str	r3, [sp]
 1083 00a8 5B46     		mov	r3, fp
 1084 00aa 5246     		mov	r2, r10
 1085 00ac 0899     		ldr	r1, [sp, #32]
 1086 00ae 0598     		ldr	r0, [sp, #20]
 1087 00b0 FFF7FEFF 		bl	_out_rev
 1088              	.LVL113:
 1089 00b4 20E0     		b	.L75
 1090              	.L141:
 361:external/printf/printf.c ****   if (value > DBL_MAX)
 1091              		.loc 1 361 5 is_stmt 1 view .LVU278
 361:external/printf/printf.c ****   if (value > DBL_MAX)
 1092              		.loc 1 361 12 is_stmt 0 view .LVU279
 1093 00b6 209B     		ldr	r3, [sp, #128]
 1094 00b8 0393     		str	r3, [sp, #12]
 1095 00ba 1F9B     		ldr	r3, [sp, #124]
 1096 00bc 0293     		str	r3, [sp, #8]
 1097 00be 0423     		movs	r3, #4
 1098 00c0 0193     		str	r3, [sp, #4]
 1099 00c2 934B     		ldr	r3, .L145+24
 1100 00c4 0093     		str	r3, [sp]
 1101 00c6 5B46     		mov	r3, fp
 1102 00c8 5246     		mov	r2, r10
 1103 00ca 0899     		ldr	r1, [sp, #32]
 1104 00cc 0598     		ldr	r0, [sp, #20]
 1105 00ce FFF7FEFF 		bl	_out_rev
 1106              	.LVL114:
 1107 00d2 11E0     		b	.L75
 1108              	.L142:
 363:external/printf/printf.c **** 
 1109              		.loc 1 363 5 is_stmt 1 view .LVU280
 363:external/printf/printf.c **** 
 1110              		.loc 1 363 12 is_stmt 0 view .LVU281
 1111 00d4 209B     		ldr	r3, [sp, #128]
 1112 00d6 13F0040F 		tst	r3, #4
 1113 00da 12D0     		beq	.L114
 363:external/printf/printf.c **** 
 1114              		.loc 1 363 12 discriminator 1 view .LVU282
 1115 00dc 8D4B     		ldr	r3, .L145+28
 363:external/printf/printf.c **** 
 1116              		.loc 1 363 12 discriminator 5 view .LVU283
 1117 00de 0422     		movs	r2, #4
 1118              	.L83:
 363:external/printf/printf.c **** 
 1119              		.loc 1 363 12 discriminator 8 view .LVU284
 1120 00e0 2099     		ldr	r1, [sp, #128]
 1121 00e2 0391     		str	r1, [sp, #12]
 1122 00e4 1F99     		ldr	r1, [sp, #124]
 1123 00e6 0291     		str	r1, [sp, #8]
ARM GAS  C:\Users\bernd\AppData\Local\Temp\ccLnovA9.s 			page 29


 1124 00e8 0192     		str	r2, [sp, #4]
 1125 00ea 0093     		str	r3, [sp]
 1126 00ec 5B46     		mov	r3, fp
 1127 00ee 5246     		mov	r2, r10
 1128 00f0 0899     		ldr	r1, [sp, #32]
 1129 00f2 0598     		ldr	r0, [sp, #20]
 1130 00f4 FFF7FEFF 		bl	_out_rev
 1131              	.LVL115:
 1132              	.L75:
 385:external/printf/printf.c ****   }
 386:external/printf/printf.c ****   // limit precision to 9, cause a prec >= 10 can lead to overflow errors
 387:external/printf/printf.c ****   while ((len < PRINTF_FTOA_BUFFER_SIZE) && (prec > 9U)) {
 388:external/printf/printf.c ****     buf[len++] = '0';
 389:external/printf/printf.c ****     prec--;
 390:external/printf/printf.c ****   }
 391:external/printf/printf.c **** 
 392:external/printf/printf.c ****   int whole = (int)value;
 393:external/printf/printf.c ****   double tmp = (value - whole) * pow10[prec];
 394:external/printf/printf.c ****   unsigned long frac = (unsigned long)tmp;
 395:external/printf/printf.c ****   diff = tmp - frac;
 396:external/printf/printf.c **** 
 397:external/printf/printf.c ****   if (diff > 0.5) {
 398:external/printf/printf.c ****     ++frac;
 399:external/printf/printf.c ****     // handle rollover, e.g. case 0.99 with prec 1 is 1.0
 400:external/printf/printf.c ****     if (frac >= pow10[prec]) {
 401:external/printf/printf.c ****       frac = 0;
 402:external/printf/printf.c ****       ++whole;
 403:external/printf/printf.c ****     }
 404:external/printf/printf.c ****   }
 405:external/printf/printf.c ****   else if (diff < 0.5) {
 406:external/printf/printf.c ****   }
 407:external/printf/printf.c ****   else if ((frac == 0U) || (frac & 1U)) {
 408:external/printf/printf.c ****     // if halfway, round up if odd OR if last digit is 0
 409:external/printf/printf.c ****     ++frac;
 410:external/printf/printf.c ****   }
 411:external/printf/printf.c **** 
 412:external/printf/printf.c ****   if (prec == 0U) {
 413:external/printf/printf.c ****     diff = value - (double)whole;
 414:external/printf/printf.c ****     if ((!(diff < 0.5) || (diff > 0.5)) && (whole & 1)) {
 415:external/printf/printf.c ****       // exactly 0.5 and ODD, then round up
 416:external/printf/printf.c ****       // 1.5 -> 2, but 2.5 -> 2
 417:external/printf/printf.c ****       ++whole;
 418:external/printf/printf.c ****     }
 419:external/printf/printf.c ****   }
 420:external/printf/printf.c ****   else {
 421:external/printf/printf.c ****     unsigned int count = prec;
 422:external/printf/printf.c ****     // now do fractional part, as an unsigned number
 423:external/printf/printf.c ****     while (len < PRINTF_FTOA_BUFFER_SIZE) {
 424:external/printf/printf.c ****       --count;
 425:external/printf/printf.c ****       buf[len++] = (char)(48U + (frac % 10U));
 426:external/printf/printf.c ****       if (!(frac /= 10U)) {
 427:external/printf/printf.c ****         break;
 428:external/printf/printf.c ****       }
 429:external/printf/printf.c ****     }
 430:external/printf/printf.c ****     // add extra 0s
 431:external/printf/printf.c ****     while ((len < PRINTF_FTOA_BUFFER_SIZE) && (count-- > 0U)) {
 432:external/printf/printf.c ****       buf[len++] = '0';
ARM GAS  C:\Users\bernd\AppData\Local\Temp\ccLnovA9.s 			page 30


 433:external/printf/printf.c ****     }
 434:external/printf/printf.c ****     if (len < PRINTF_FTOA_BUFFER_SIZE) {
 435:external/printf/printf.c ****       // add decimal
 436:external/printf/printf.c ****       buf[len++] = '.';
 437:external/printf/printf.c ****     }
 438:external/printf/printf.c ****   }
 439:external/printf/printf.c **** 
 440:external/printf/printf.c ****   // do whole part, number is reversed
 441:external/printf/printf.c ****   while (len < PRINTF_FTOA_BUFFER_SIZE) {
 442:external/printf/printf.c ****     buf[len++] = (char)(48 + (whole % 10));
 443:external/printf/printf.c ****     if (!(whole /= 10)) {
 444:external/printf/printf.c ****       break;
 445:external/printf/printf.c ****     }
 446:external/printf/printf.c ****   }
 447:external/printf/printf.c **** 
 448:external/printf/printf.c ****   // pad leading zeros
 449:external/printf/printf.c ****   if (!(flags & FLAGS_LEFT) && (flags & FLAGS_ZEROPAD)) {
 450:external/printf/printf.c ****     if (width && (negative || (flags & (FLAGS_PLUS | FLAGS_SPACE)))) {
 451:external/printf/printf.c ****       width--;
 452:external/printf/printf.c ****     }
 453:external/printf/printf.c ****     while ((len < width) && (len < PRINTF_FTOA_BUFFER_SIZE)) {
 454:external/printf/printf.c ****       buf[len++] = '0';
 455:external/printf/printf.c ****     }
 456:external/printf/printf.c ****   }
 457:external/printf/printf.c **** 
 458:external/printf/printf.c ****   if (len < PRINTF_FTOA_BUFFER_SIZE) {
 459:external/printf/printf.c ****     if (negative) {
 460:external/printf/printf.c ****       buf[len++] = '-';
 461:external/printf/printf.c ****     }
 462:external/printf/printf.c ****     else if (flags & FLAGS_PLUS) {
 463:external/printf/printf.c ****       buf[len++] = '+';  // ignore the space if the '+' exists
 464:external/printf/printf.c ****     }
 465:external/printf/printf.c ****     else if (flags & FLAGS_SPACE) {
 466:external/printf/printf.c ****       buf[len++] = ' ';
 467:external/printf/printf.c ****     }
 468:external/printf/printf.c ****   }
 469:external/printf/printf.c **** 
 470:external/printf/printf.c ****   return _out_rev(out, buffer, idx, maxlen, buf, len, width, flags);
 471:external/printf/printf.c **** }
 1133              		.loc 1 471 1 view .LVU285
 1134 00f8 13B0     		add	sp, sp, #76
 1135              		.cfi_remember_state
 1136              		.cfi_def_cfa_offset 44
 1137              		@ sp needed
 1138 00fa BDEC028B 		vldm	sp!, {d8}
 1139              		.cfi_restore 80
 1140              		.cfi_restore 81
 1141              		.cfi_def_cfa_offset 36
 1142 00fe BDE8F08F 		pop	{r4, r5, r6, r7, r8, r9, r10, fp, pc}
 1143              	.LVL116:
 1144              	.L114:
 1145              		.cfi_restore_state
 363:external/printf/printf.c **** 
 1146              		.loc 1 363 12 discriminator 2 view .LVU286
 1147 0102 854B     		ldr	r3, .L145+32
 363:external/printf/printf.c **** 
 1148              		.loc 1 363 12 discriminator 6 view .LVU287
ARM GAS  C:\Users\bernd\AppData\Local\Temp\ccLnovA9.s 			page 31


 1149 0104 0322     		movs	r2, #3
 1150 0106 EBE7     		b	.L83
 1151              	.LVL117:
 1152              	.L143:
 378:external/printf/printf.c ****     value = 0 - value;
 1153              		.loc 1 378 5 is_stmt 1 view .LVU288
 379:external/printf/printf.c ****   }
 1154              		.loc 1 379 5 view .LVU289
 379:external/printf/printf.c ****   }
 1155              		.loc 1 379 11 is_stmt 0 view .LVU290
 1156 0108 3246     		mov	r2, r6
 1157 010a 3B46     		mov	r3, r7
 1158 010c 0020     		movs	r0, #0
 1159 010e 0021     		movs	r1, #0
 1160 0110 FFF7FEFF 		bl	__aeabi_dsub
 1161              	.LVL118:
 1162 0114 0646     		mov	r6, r0
 1163              	.LVL119:
 379:external/printf/printf.c ****   }
 1164              		.loc 1 379 11 view .LVU291
 1165 0116 0F46     		mov	r7, r1
 1166              	.LVL120:
 378:external/printf/printf.c ****     value = 0 - value;
 1167              		.loc 1 378 14 view .LVU292
 1168 0118 0123     		movs	r3, #1
 1169 011a 0993     		str	r3, [sp, #36]
 1170 011c B5E7     		b	.L84
 1171              	.LVL121:
 1172              	.L90:
 388:external/printf/printf.c ****     prec--;
 1173              		.loc 1 388 5 is_stmt 1 view .LVU293
 388:external/printf/printf.c ****     prec--;
 1174              		.loc 1 388 16 is_stmt 0 view .LVU294
 1175 011e 04F14803 		add	r3, r4, #72
 1176 0122 6B44     		add	r3, sp, r3
 1177 0124 3022     		movs	r2, #48
 1178 0126 03F8202C 		strb	r2, [r3, #-32]
 389:external/printf/printf.c ****   }
 1179              		.loc 1 389 5 is_stmt 1 view .LVU295
 389:external/printf/printf.c ****   }
 1180              		.loc 1 389 9 is_stmt 0 view .LVU296
 1181 012a 013D     		subs	r5, r5, #1
 1182              	.LVL122:
 388:external/printf/printf.c ****     prec--;
 1183              		.loc 1 388 12 view .LVU297
 1184 012c 0134     		adds	r4, r4, #1
 1185              	.LVL123:
 1186              	.L88:
 387:external/printf/printf.c ****     buf[len++] = '0';
 1187              		.loc 1 387 42 is_stmt 1 view .LVU298
 1188 012e 1F2C     		cmp	r4, #31
 1189 0130 01D8     		bhi	.L89
 387:external/printf/printf.c ****     buf[len++] = '0';
 1190              		.loc 1 387 42 is_stmt 0 discriminator 1 view .LVU299
 1191 0132 092D     		cmp	r5, #9
 1192 0134 F3D8     		bhi	.L90
 1193              	.L89:
ARM GAS  C:\Users\bernd\AppData\Local\Temp\ccLnovA9.s 			page 32


 392:external/printf/printf.c ****   double tmp = (value - whole) * pow10[prec];
 1194              		.loc 1 392 3 is_stmt 1 view .LVU300
 392:external/printf/printf.c ****   double tmp = (value - whole) * pow10[prec];
 1195              		.loc 1 392 7 is_stmt 0 view .LVU301
 1196 0136 3046     		mov	r0, r6
 1197 0138 3946     		mov	r1, r7
 1198 013a FFF7FEFF 		bl	__aeabi_d2iz
 1199              	.LVL124:
 1200 013e 8046     		mov	r8, r0
 1201              	.LVL125:
 393:external/printf/printf.c ****   unsigned long frac = (unsigned long)tmp;
 1202              		.loc 1 393 3 is_stmt 1 view .LVU302
 393:external/printf/printf.c ****   unsigned long frac = (unsigned long)tmp;
 1203              		.loc 1 393 23 is_stmt 0 view .LVU303
 1204 0140 FFF7FEFF 		bl	__aeabi_i2d
 1205              	.LVL126:
 393:external/printf/printf.c ****   unsigned long frac = (unsigned long)tmp;
 1206              		.loc 1 393 23 view .LVU304
 1207 0144 0246     		mov	r2, r0
 1208 0146 0B46     		mov	r3, r1
 1209 0148 3046     		mov	r0, r6
 1210 014a 3946     		mov	r1, r7
 1211 014c FFF7FEFF 		bl	__aeabi_dsub
 1212              	.LVL127:
 393:external/printf/printf.c ****   unsigned long frac = (unsigned long)tmp;
 1213              		.loc 1 393 39 view .LVU305
 1214 0150 724B     		ldr	r3, .L145+36
 1215 0152 03EBC503 		add	r3, r3, r5, lsl #3
 1216 0156 93ED008B 		vldr.64	d8, [r3]
 393:external/printf/printf.c ****   unsigned long frac = (unsigned long)tmp;
 1217              		.loc 1 393 10 view .LVU306
 1218 015a 53EC182B 		vmov	r2, r3, d8
 1219 015e FFF7FEFF 		bl	__aeabi_dmul
 1220              	.LVL128:
 1221 0162 0246     		mov	r2, r0
 1222 0164 0B46     		mov	r3, r1
 1223 0166 CDE90623 		strd	r2, [sp, #24]
 1224              	.LVL129:
 394:external/printf/printf.c ****   diff = tmp - frac;
 1225              		.loc 1 394 3 is_stmt 1 view .LVU307
 394:external/printf/printf.c ****   diff = tmp - frac;
 1226              		.loc 1 394 17 is_stmt 0 view .LVU308
 1227 016a FFF7FEFF 		bl	__aeabi_d2uiz
 1228              	.LVL130:
 394:external/printf/printf.c ****   diff = tmp - frac;
 1229              		.loc 1 394 17 view .LVU309
 1230 016e 8146     		mov	r9, r0
 1231              	.LVL131:
 395:external/printf/printf.c **** 
 1232              		.loc 1 395 3 is_stmt 1 view .LVU310
 395:external/printf/printf.c **** 
 1233              		.loc 1 395 14 is_stmt 0 view .LVU311
 1234 0170 FFF7FEFF 		bl	__aeabi_ui2d
 1235              	.LVL132:
 395:external/printf/printf.c **** 
 1236              		.loc 1 395 14 view .LVU312
 1237 0174 0246     		mov	r2, r0
ARM GAS  C:\Users\bernd\AppData\Local\Temp\ccLnovA9.s 			page 33


 1238 0176 0B46     		mov	r3, r1
 395:external/printf/printf.c **** 
 1239              		.loc 1 395 8 view .LVU313
 1240 0178 DDE90601 		ldrd	r0, [sp, #24]
 1241 017c FFF7FEFF 		bl	__aeabi_dsub
 1242              	.LVL133:
 1243 0180 0246     		mov	r2, r0
 1244 0182 0B46     		mov	r3, r1
 1245 0184 CDE90623 		strd	r2, [sp, #24]
 1246              	.LVL134:
 397:external/printf/printf.c ****     ++frac;
 1247              		.loc 1 397 3 is_stmt 1 view .LVU314
 397:external/printf/printf.c ****     ++frac;
 1248              		.loc 1 397 6 is_stmt 0 view .LVU315
 1249 0188 0022     		movs	r2, #0
 1250              	.LVL135:
 397:external/printf/printf.c ****     ++frac;
 1251              		.loc 1 397 6 view .LVU316
 1252 018a 654B     		ldr	r3, .L145+40
 1253 018c FFF7FEFF 		bl	__aeabi_dcmpgt
 1254              	.LVL136:
 1255 0190 38B3     		cbz	r0, .L131
 398:external/printf/printf.c ****     // handle rollover, e.g. case 0.99 with prec 1 is 1.0
 1256              		.loc 1 398 5 is_stmt 1 view .LVU317
 1257 0192 09F10109 		add	r9, r9, #1
 1258              	.LVL137:
 400:external/printf/printf.c ****       frac = 0;
 1259              		.loc 1 400 5 view .LVU318
 400:external/printf/printf.c ****       frac = 0;
 1260              		.loc 1 400 14 is_stmt 0 view .LVU319
 1261 0196 4846     		mov	r0, r9
 1262 0198 FFF7FEFF 		bl	__aeabi_ui2d
 1263              	.LVL138:
 1264 019c 0246     		mov	r2, r0
 1265 019e 0B46     		mov	r3, r1
 400:external/printf/printf.c ****       frac = 0;
 1266              		.loc 1 400 8 view .LVU320
 1267 01a0 51EC180B 		vmov	r0, r1, d8
 1268 01a4 FFF7FEFF 		bl	__aeabi_dcmple
 1269              	.LVL139:
 1270 01a8 18B1     		cbz	r0, .L93
 401:external/printf/printf.c ****       ++whole;
 1271              		.loc 1 401 7 is_stmt 1 view .LVU321
 1272              	.LVL140:
 402:external/printf/printf.c ****     }
 1273              		.loc 1 402 7 view .LVU322
 1274 01aa 08F10108 		add	r8, r8, #1
 1275              	.LVL141:
 401:external/printf/printf.c ****       ++whole;
 1276              		.loc 1 401 12 is_stmt 0 view .LVU323
 1277 01ae 4FF00009 		mov	r9, #0
 1278              	.LVL142:
 1279              	.L93:
 412:external/printf/printf.c ****     diff = value - (double)whole;
 1280              		.loc 1 412 3 is_stmt 1 view .LVU324
 412:external/printf/printf.c ****     diff = value - (double)whole;
 1281              		.loc 1 412 6 is_stmt 0 view .LVU325
ARM GAS  C:\Users\bernd\AppData\Local\Temp\ccLnovA9.s 			page 34


 1282 01b2 3DBB     		cbnz	r5, .L96
 413:external/printf/printf.c ****     if ((!(diff < 0.5) || (diff > 0.5)) && (whole & 1)) {
 1283              		.loc 1 413 5 is_stmt 1 view .LVU326
 413:external/printf/printf.c ****     if ((!(diff < 0.5) || (diff > 0.5)) && (whole & 1)) {
 1284              		.loc 1 413 20 is_stmt 0 view .LVU327
 1285 01b4 4046     		mov	r0, r8
 1286 01b6 FFF7FEFF 		bl	__aeabi_i2d
 1287              	.LVL143:
 1288 01ba 0246     		mov	r2, r0
 1289 01bc 0B46     		mov	r3, r1
 413:external/printf/printf.c ****     if ((!(diff < 0.5) || (diff > 0.5)) && (whole & 1)) {
 1290              		.loc 1 413 10 view .LVU328
 1291 01be 3046     		mov	r0, r6
 1292 01c0 3946     		mov	r1, r7
 1293 01c2 FFF7FEFF 		bl	__aeabi_dsub
 1294              	.LVL144:
 414:external/printf/printf.c ****       // exactly 0.5 and ODD, then round up
 1295              		.loc 1 414 5 is_stmt 1 view .LVU329
 414:external/printf/printf.c ****       // exactly 0.5 and ODD, then round up
 1296              		.loc 1 414 8 is_stmt 0 view .LVU330
 1297 01c6 0022     		movs	r2, #0
 1298 01c8 554B     		ldr	r3, .L145+40
 1299 01ca FFF7FEFF 		bl	__aeabi_dcmplt
 1300              	.LVL145:
 414:external/printf/printf.c ****       // exactly 0.5 and ODD, then round up
 1301              		.loc 1 414 8 view .LVU331
 1302 01ce 0028     		cmp	r0, #0
 1303 01d0 48D1     		bne	.L104
 414:external/printf/printf.c ****       // exactly 0.5 and ODD, then round up
 1304              		.loc 1 414 41 discriminator 3 view .LVU332
 1305 01d2 18F0010F 		tst	r8, #1
 1306 01d6 45D0     		beq	.L104
 417:external/printf/printf.c ****     }
 1307              		.loc 1 417 7 is_stmt 1 view .LVU333
 1308 01d8 08F10108 		add	r8, r8, #1
 1309              	.LVL146:
 417:external/printf/printf.c ****     }
 1310              		.loc 1 417 7 is_stmt 0 view .LVU334
 1311 01dc 42E0     		b	.L104
 1312              	.LVL147:
 1313              	.L118:
 384:external/printf/printf.c ****   }
 1314              		.loc 1 384 10 view .LVU335
 1315 01de 0325     		movs	r5, #3
 1316 01e0 58E7     		b	.L86
 1317              	.LVL148:
 1318              	.L131:
 405:external/printf/printf.c ****   }
 1319              		.loc 1 405 8 is_stmt 1 view .LVU336
 405:external/printf/printf.c ****   }
 1320              		.loc 1 405 11 is_stmt 0 view .LVU337
 1321 01e2 0022     		movs	r2, #0
 1322 01e4 4E4B     		ldr	r3, .L145+40
 1323 01e6 DDE90601 		ldrd	r0, [sp, #24]
 1324 01ea FFF7FEFF 		bl	__aeabi_dcmplt
 1325              	.LVL149:
 1326 01ee 0028     		cmp	r0, #0
ARM GAS  C:\Users\bernd\AppData\Local\Temp\ccLnovA9.s 			page 35


 1327 01f0 DFD1     		bne	.L93
 407:external/printf/printf.c ****     // if halfway, round up if odd OR if last digit is 0
 1328              		.loc 1 407 8 is_stmt 1 view .LVU338
 407:external/printf/printf.c ****     // if halfway, round up if odd OR if last digit is 0
 1329              		.loc 1 407 11 is_stmt 0 view .LVU339
 1330 01f2 B9F1000F 		cmp	r9, #0
 1331 01f6 02D0     		beq	.L95
 407:external/printf/printf.c ****     // if halfway, round up if odd OR if last digit is 0
 1332              		.loc 1 407 25 discriminator 1 view .LVU340
 1333 01f8 19F0010F 		tst	r9, #1
 1334 01fc D9D0     		beq	.L93
 1335              	.L95:
 409:external/printf/printf.c ****   }
 1336              		.loc 1 409 5 is_stmt 1 view .LVU341
 1337 01fe 09F10109 		add	r9, r9, #1
 1338              	.LVL150:
 409:external/printf/printf.c ****   }
 1339              		.loc 1 409 5 is_stmt 0 view .LVU342
 1340 0202 D6E7     		b	.L93
 1341              	.LVL151:
 1342              	.L96:
 1343              	.LBB30:
 423:external/printf/printf.c ****       --count;
 1344              		.loc 1 423 16 is_stmt 1 view .LVU343
 1345 0204 1F2C     		cmp	r4, #31
 1346 0206 1FD8     		bhi	.L100
 424:external/printf/printf.c ****       buf[len++] = (char)(48U + (frac % 10U));
 1347              		.loc 1 424 7 view .LVU344
 1348 0208 013D     		subs	r5, r5, #1
 1349              	.LVL152:
 425:external/printf/printf.c ****       if (!(frac /= 10U)) {
 1350              		.loc 1 425 7 view .LVU345
 425:external/printf/printf.c ****       if (!(frac /= 10U)) {
 1351              		.loc 1 425 39 is_stmt 0 view .LVU346
 1352 020a 464B     		ldr	r3, .L145+44
 1353 020c A3FB0923 		umull	r2, r3, r3, r9
 1354 0210 DB08     		lsrs	r3, r3, #3
 1355 0212 1946     		mov	r1, r3
 1356 0214 03EB8303 		add	r3, r3, r3, lsl #2
 1357 0218 A9EB4303 		sub	r3, r9, r3, lsl #1
 425:external/printf/printf.c ****       if (!(frac /= 10U)) {
 1358              		.loc 1 425 14 view .LVU347
 1359 021c 621C     		adds	r2, r4, #1
 1360              	.LVL153:
 425:external/printf/printf.c ****       if (!(frac /= 10U)) {
 1361              		.loc 1 425 20 view .LVU348
 1362 021e 3033     		adds	r3, r3, #48
 425:external/printf/printf.c ****       if (!(frac /= 10U)) {
 1363              		.loc 1 425 18 view .LVU349
 1364 0220 04F14800 		add	r0, r4, #72
 1365 0224 0DEB0004 		add	r4, sp, r0
 1366 0228 04F8203C 		strb	r3, [r4, #-32]
 426:external/printf/printf.c ****         break;
 1367              		.loc 1 426 7 is_stmt 1 view .LVU350
 1368              	.LVL154:
 426:external/printf/printf.c ****         break;
 1369              		.loc 1 426 10 is_stmt 0 view .LVU351
ARM GAS  C:\Users\bernd\AppData\Local\Temp\ccLnovA9.s 			page 36


 1370 022c B9F1090F 		cmp	r9, #9
 1371 0230 32D9     		bls	.L119
 426:external/printf/printf.c ****         break;
 1372              		.loc 1 426 18 view .LVU352
 1373 0232 8946     		mov	r9, r1
 425:external/printf/printf.c ****       if (!(frac /= 10U)) {
 1374              		.loc 1 425 14 view .LVU353
 1375 0234 1446     		mov	r4, r2
 1376 0236 E5E7     		b	.L96
 1377              	.LVL155:
 1378              	.L102:
 432:external/printf/printf.c ****     }
 1379              		.loc 1 432 7 is_stmt 1 view .LVU354
 432:external/printf/printf.c ****     }
 1380              		.loc 1 432 18 is_stmt 0 view .LVU355
 1381 0238 04F14802 		add	r2, r4, #72
 1382 023c 6A44     		add	r2, sp, r2
 1383 023e 3021     		movs	r1, #48
 1384 0240 02F8201C 		strb	r1, [r2, #-32]
 431:external/printf/printf.c ****       buf[len++] = '0';
 1385              		.loc 1 431 53 discriminator 1 view .LVU356
 1386 0244 1D46     		mov	r5, r3
 432:external/printf/printf.c ****     }
 1387              		.loc 1 432 14 view .LVU357
 1388 0246 0134     		adds	r4, r4, #1
 1389              	.LVL156:
 1390              	.L100:
 431:external/printf/printf.c ****       buf[len++] = '0';
 1391              		.loc 1 431 44 is_stmt 1 view .LVU358
 1392 0248 1F2C     		cmp	r4, #31
 1393 024a 02D8     		bhi	.L101
 431:external/printf/printf.c ****       buf[len++] = '0';
 1394              		.loc 1 431 53 is_stmt 0 discriminator 1 view .LVU359
 1395 024c 6B1E     		subs	r3, r5, #1
 1396              	.LVL157:
 431:external/printf/printf.c ****       buf[len++] = '0';
 1397              		.loc 1 431 44 discriminator 1 view .LVU360
 1398 024e 002D     		cmp	r5, #0
 1399 0250 F2D1     		bne	.L102
 1400              	.LVL158:
 1401              	.L101:
 434:external/printf/printf.c ****       // add decimal
 1402              		.loc 1 434 5 is_stmt 1 view .LVU361
 434:external/printf/printf.c ****       // add decimal
 1403              		.loc 1 434 8 is_stmt 0 view .LVU362
 1404 0252 1F2C     		cmp	r4, #31
 1405 0254 06D8     		bhi	.L104
 436:external/printf/printf.c ****     }
 1406              		.loc 1 436 7 is_stmt 1 view .LVU363
 1407              	.LVL159:
 436:external/printf/printf.c ****     }
 1408              		.loc 1 436 18 is_stmt 0 view .LVU364
 1409 0256 04F14803 		add	r3, r4, #72
 1410 025a 6B44     		add	r3, sp, r3
 1411 025c 2E22     		movs	r2, #46
 1412 025e 03F8202C 		strb	r2, [r3, #-32]
 436:external/printf/printf.c ****     }
ARM GAS  C:\Users\bernd\AppData\Local\Temp\ccLnovA9.s 			page 37


 1413              		.loc 1 436 14 view .LVU365
 1414 0262 0134     		adds	r4, r4, #1
 1415              	.LVL160:
 1416              	.L104:
 436:external/printf/printf.c ****     }
 1417              		.loc 1 436 14 view .LVU366
 1418              	.LBE30:
 441:external/printf/printf.c ****     buf[len++] = (char)(48 + (whole % 10));
 1419              		.loc 1 441 14 is_stmt 1 view .LVU367
 1420 0264 1F2C     		cmp	r4, #31
 1421 0266 1AD8     		bhi	.L103
 442:external/printf/printf.c ****     if (!(whole /= 10)) {
 1422              		.loc 1 442 5 view .LVU368
 442:external/printf/printf.c ****     if (!(whole /= 10)) {
 1423              		.loc 1 442 37 is_stmt 0 view .LVU369
 1424 0268 2F4A     		ldr	r2, .L145+48
 1425 026a 82FB0832 		smull	r3, r2, r2, r8
 1426 026e 4FEAE873 		asr	r3, r8, #31
 1427 0272 C3EBA203 		rsb	r3, r3, r2, asr #2
 1428 0276 1A46     		mov	r2, r3
 1429 0278 03EB8303 		add	r3, r3, r3, lsl #2
 1430 027c A8EB4303 		sub	r3, r8, r3, lsl #1
 442:external/printf/printf.c ****     if (!(whole /= 10)) {
 1431              		.loc 1 442 12 view .LVU370
 1432 0280 611C     		adds	r1, r4, #1
 1433              	.LVL161:
 442:external/printf/printf.c ****     if (!(whole /= 10)) {
 1434              		.loc 1 442 18 view .LVU371
 1435 0282 3033     		adds	r3, r3, #48
 442:external/printf/printf.c ****     if (!(whole /= 10)) {
 1436              		.loc 1 442 16 view .LVU372
 1437 0284 04F14800 		add	r0, r4, #72
 1438 0288 0DEB0004 		add	r4, sp, r0
 1439 028c 04F8203C 		strb	r3, [r4, #-32]
 443:external/printf/printf.c ****       break;
 1440              		.loc 1 443 5 is_stmt 1 view .LVU373
 443:external/printf/printf.c ****       break;
 1441              		.loc 1 443 17 is_stmt 0 view .LVU374
 1442 0290 9046     		mov	r8, r2
 1443              	.LVL162:
 443:external/printf/printf.c ****       break;
 1444              		.loc 1 443 8 view .LVU375
 1445 0292 1AB1     		cbz	r2, .L120
 442:external/printf/printf.c ****     if (!(whole /= 10)) {
 1446              		.loc 1 442 12 view .LVU376
 1447 0294 0C46     		mov	r4, r1
 1448 0296 E5E7     		b	.L104
 1449              	.LVL163:
 1450              	.L119:
 1451              	.LBB31:
 425:external/printf/printf.c ****       if (!(frac /= 10U)) {
 1452              		.loc 1 425 14 view .LVU377
 1453 0298 1446     		mov	r4, r2
 1454 029a D5E7     		b	.L100
 1455              	.LVL164:
 1456              	.L120:
 425:external/printf/printf.c ****       if (!(frac /= 10U)) {
ARM GAS  C:\Users\bernd\AppData\Local\Temp\ccLnovA9.s 			page 38


 1457              		.loc 1 425 14 view .LVU378
 1458              	.LBE31:
 442:external/printf/printf.c ****     if (!(whole /= 10)) {
 1459              		.loc 1 442 12 view .LVU379
 1460 029c 0C46     		mov	r4, r1
 1461              	.LVL165:
 1462              	.L103:
 449:external/printf/printf.c ****     if (width && (negative || (flags & (FLAGS_PLUS | FLAGS_SPACE)))) {
 1463              		.loc 1 449 3 is_stmt 1 view .LVU380
 449:external/printf/printf.c ****     if (width && (negative || (flags & (FLAGS_PLUS | FLAGS_SPACE)))) {
 1464              		.loc 1 449 29 is_stmt 0 view .LVU381
 1465 029e 209B     		ldr	r3, [sp, #128]
 1466 02a0 03F00303 		and	r3, r3, #3
 449:external/printf/printf.c ****     if (width && (negative || (flags & (FLAGS_PLUS | FLAGS_SPACE)))) {
 1467              		.loc 1 449 6 view .LVU382
 1468 02a4 012B     		cmp	r3, #1
 1469 02a6 19D0     		beq	.L144
 1470              	.LVL166:
 1471              	.L106:
 458:external/printf/printf.c ****     if (negative) {
 1472              		.loc 1 458 3 is_stmt 1 view .LVU383
 458:external/printf/printf.c ****     if (negative) {
 1473              		.loc 1 458 6 is_stmt 0 view .LVU384
 1474 02a8 1F2C     		cmp	r4, #31
 1475 02aa 09D8     		bhi	.L111
 459:external/printf/printf.c ****       buf[len++] = '-';
 1476              		.loc 1 459 5 is_stmt 1 view .LVU385
 459:external/printf/printf.c ****       buf[len++] = '-';
 1477              		.loc 1 459 8 is_stmt 0 view .LVU386
 1478 02ac 099B     		ldr	r3, [sp, #36]
 1479 02ae 002B     		cmp	r3, #0
 1480 02b0 4CD0     		beq	.L112
 460:external/printf/printf.c ****     }
 1481              		.loc 1 460 7 is_stmt 1 view .LVU387
 1482              	.LVL167:
 460:external/printf/printf.c ****     }
 1483              		.loc 1 460 18 is_stmt 0 view .LVU388
 1484 02b2 04F14803 		add	r3, r4, #72
 1485 02b6 6B44     		add	r3, sp, r3
 1486 02b8 2D22     		movs	r2, #45
 1487 02ba 03F8202C 		strb	r2, [r3, #-32]
 460:external/printf/printf.c ****     }
 1488              		.loc 1 460 14 view .LVU389
 1489 02be 0134     		adds	r4, r4, #1
 1490              	.LVL168:
 1491              	.L111:
 470:external/printf/printf.c **** }
 1492              		.loc 1 470 3 is_stmt 1 view .LVU390
 470:external/printf/printf.c **** }
 1493              		.loc 1 470 10 is_stmt 0 view .LVU391
 1494 02c0 209B     		ldr	r3, [sp, #128]
 1495 02c2 0393     		str	r3, [sp, #12]
 1496 02c4 1F9B     		ldr	r3, [sp, #124]
 1497 02c6 0293     		str	r3, [sp, #8]
 1498 02c8 0194     		str	r4, [sp, #4]
 1499 02ca 0AAB     		add	r3, sp, #40
 1500 02cc 0093     		str	r3, [sp]
ARM GAS  C:\Users\bernd\AppData\Local\Temp\ccLnovA9.s 			page 39


 1501 02ce 5B46     		mov	r3, fp
 1502 02d0 5246     		mov	r2, r10
 1503 02d2 0899     		ldr	r1, [sp, #32]
 1504 02d4 0598     		ldr	r0, [sp, #20]
 1505 02d6 FFF7FEFF 		bl	_out_rev
 1506              	.LVL169:
 1507 02da 0DE7     		b	.L75
 1508              	.L144:
 450:external/printf/printf.c ****       width--;
 1509              		.loc 1 450 5 is_stmt 1 view .LVU392
 450:external/printf/printf.c ****       width--;
 1510              		.loc 1 450 8 is_stmt 0 view .LVU393
 1511 02dc 1F9B     		ldr	r3, [sp, #124]
 1512 02de 8BB3     		cbz	r3, .L136
 450:external/printf/printf.c ****       width--;
 1513              		.loc 1 450 15 discriminator 1 view .LVU394
 1514 02e0 099B     		ldr	r3, [sp, #36]
 1515 02e2 1BB9     		cbnz	r3, .L108
 450:external/printf/printf.c ****       width--;
 1516              		.loc 1 450 28 discriminator 2 view .LVU395
 1517 02e4 209B     		ldr	r3, [sp, #128]
 1518 02e6 13F00C0F 		tst	r3, #12
 1519 02ea 2DD0     		beq	.L137
 1520              	.L108:
 451:external/printf/printf.c ****     }
 1521              		.loc 1 451 7 is_stmt 1 view .LVU396
 451:external/printf/printf.c ****     }
 1522              		.loc 1 451 12 is_stmt 0 view .LVU397
 1523 02ec 1F9B     		ldr	r3, [sp, #124]
 1524 02ee 013B     		subs	r3, r3, #1
 1525 02f0 1F93     		str	r3, [sp, #124]
 1526              	.LVL170:
 451:external/printf/printf.c ****     }
 1527              		.loc 1 451 12 view .LVU398
 1528 02f2 1946     		mov	r1, r3
 1529 02f4 21E0     		b	.L109
 1530              	.L146:
 1531 02f6 00BF     		.align	3
 1532              	.L145:
 1533 02f8 00000000 		.word	0
 1534 02fc 65CDCD41 		.word	1104006501
 1535 0300 00000000 		.word	0
 1536 0304 65CDCDC1 		.word	-1043477147
 1537 0308 FFFFEF7F 		.word	2146435071
 1538 030c 0C000000 		.word	.LC2
 1539 0310 10000000 		.word	.LC3
 1540 0314 00000000 		.word	.LC0
 1541 0318 08000000 		.word	.LC1
 1542 031c 00000000 		.word	pow10.0
 1543 0320 0000E03F 		.word	1071644672
 1544 0324 CDCCCCCC 		.word	-858993459
 1545 0328 67666666 		.word	1717986919
 1546              	.LVL171:
 1547              	.L110:
 454:external/printf/printf.c ****     }
 1548              		.loc 1 454 7 is_stmt 1 view .LVU399
 454:external/printf/printf.c ****     }
ARM GAS  C:\Users\bernd\AppData\Local\Temp\ccLnovA9.s 			page 40


 1549              		.loc 1 454 18 is_stmt 0 view .LVU400
 1550 032c 04F14803 		add	r3, r4, #72
 1551 0330 6B44     		add	r3, sp, r3
 1552 0332 3022     		movs	r2, #48
 1553 0334 03F8202C 		strb	r2, [r3, #-32]
 454:external/printf/printf.c ****     }
 1554              		.loc 1 454 14 view .LVU401
 1555 0338 0134     		adds	r4, r4, #1
 1556              	.LVL172:
 1557              	.L109:
 453:external/printf/printf.c ****       buf[len++] = '0';
 1558              		.loc 1 453 26 is_stmt 1 view .LVU402
 1559 033a 8C42     		cmp	r4, r1
 1560 033c B4D2     		bcs	.L106
 453:external/printf/printf.c ****       buf[len++] = '0';
 1561              		.loc 1 453 26 is_stmt 0 discriminator 1 view .LVU403
 1562 033e 1F2C     		cmp	r4, #31
 1563 0340 F4D9     		bls	.L110
 1564 0342 B1E7     		b	.L106
 1565              	.LVL173:
 1566              	.L136:
 453:external/printf/printf.c ****       buf[len++] = '0';
 1567              		.loc 1 453 26 discriminator 1 view .LVU404
 1568 0344 1F99     		ldr	r1, [sp, #124]
 1569 0346 F8E7     		b	.L109
 1570              	.L137:
 1571 0348 1F99     		ldr	r1, [sp, #124]
 1572 034a F6E7     		b	.L109
 1573              	.L112:
 462:external/printf/printf.c ****       buf[len++] = '+';  // ignore the space if the '+' exists
 1574              		.loc 1 462 10 is_stmt 1 view .LVU405
 462:external/printf/printf.c ****       buf[len++] = '+';  // ignore the space if the '+' exists
 1575              		.loc 1 462 13 is_stmt 0 view .LVU406
 1576 034c 209B     		ldr	r3, [sp, #128]
 1577 034e 13F0040F 		tst	r3, #4
 1578 0352 07D0     		beq	.L113
 463:external/printf/printf.c ****     }
 1579              		.loc 1 463 7 is_stmt 1 view .LVU407
 1580              	.LVL174:
 463:external/printf/printf.c ****     }
 1581              		.loc 1 463 18 is_stmt 0 view .LVU408
 1582 0354 04F14803 		add	r3, r4, #72
 1583 0358 6B44     		add	r3, sp, r3
 1584 035a 2B22     		movs	r2, #43
 1585 035c 03F8202C 		strb	r2, [r3, #-32]
 463:external/printf/printf.c ****     }
 1586              		.loc 1 463 14 view .LVU409
 1587 0360 0134     		adds	r4, r4, #1
 1588              	.LVL175:
 463:external/printf/printf.c ****     }
 1589              		.loc 1 463 14 view .LVU410
 1590 0362 ADE7     		b	.L111
 1591              	.L113:
 465:external/printf/printf.c ****       buf[len++] = ' ';
 1592              		.loc 1 465 10 is_stmt 1 view .LVU411
 465:external/printf/printf.c ****       buf[len++] = ' ';
 1593              		.loc 1 465 13 is_stmt 0 view .LVU412
ARM GAS  C:\Users\bernd\AppData\Local\Temp\ccLnovA9.s 			page 41


 1594 0364 209B     		ldr	r3, [sp, #128]
 1595 0366 13F0080F 		tst	r3, #8
 1596 036a A9D0     		beq	.L111
 466:external/printf/printf.c ****     }
 1597              		.loc 1 466 7 is_stmt 1 view .LVU413
 1598              	.LVL176:
 466:external/printf/printf.c ****     }
 1599              		.loc 1 466 18 is_stmt 0 view .LVU414
 1600 036c 04F14803 		add	r3, r4, #72
 1601 0370 6B44     		add	r3, sp, r3
 1602 0372 2022     		movs	r2, #32
 1603 0374 03F8202C 		strb	r2, [r3, #-32]
 466:external/printf/printf.c ****     }
 1604              		.loc 1 466 14 view .LVU415
 1605 0378 0134     		adds	r4, r4, #1
 1606              	.LVL177:
 466:external/printf/printf.c ****     }
 1607              		.loc 1 466 14 view .LVU416
 1608 037a A1E7     		b	.L111
 1609              	.LVL178:
 1610              	.L115:
 371:external/printf/printf.c **** #endif
 1611              		.loc 1 371 12 view .LVU417
 1612 037c 0020     		movs	r0, #0
 1613 037e BBE6     		b	.L75
 1614              	.L116:
 1615 0380 0020     		movs	r0, #0
 1616 0382 B9E6     		b	.L75
 1617              		.cfi_endproc
 1618              	.LFE149:
 1620              		.section	.text._vsnprintf,"ax",%progbits
 1621              		.align	1
 1622              		.syntax unified
 1623              		.thumb
 1624              		.thumb_func
 1626              	_vsnprintf:
 1627              	.LVL179:
 1628              	.LFB150:
 472:external/printf/printf.c **** 
 473:external/printf/printf.c **** 
 474:external/printf/printf.c **** #if defined(PRINTF_SUPPORT_EXPONENTIAL)
 475:external/printf/printf.c **** // internal ftoa variant for exponential floating-point type, contributed by Martijn Jasperse <m.ja
 476:external/printf/printf.c **** static size_t _etoa(out_fct_type out, char* buffer, size_t idx, size_t maxlen, double value, unsign
 477:external/printf/printf.c **** {
 478:external/printf/printf.c ****   // check for NaN and special values
 479:external/printf/printf.c ****   if ((value != value) || (value > DBL_MAX) || (value < -DBL_MAX)) {
 480:external/printf/printf.c ****     return _ftoa(out, buffer, idx, maxlen, value, prec, width, flags);
 481:external/printf/printf.c ****   }
 482:external/printf/printf.c **** 
 483:external/printf/printf.c ****   // determine the sign
 484:external/printf/printf.c ****   const bool negative = value < 0;
 485:external/printf/printf.c ****   if (negative) {
 486:external/printf/printf.c ****     value = -value;
 487:external/printf/printf.c ****   }
 488:external/printf/printf.c **** 
 489:external/printf/printf.c ****   // default precision
 490:external/printf/printf.c ****   if (!(flags & FLAGS_PRECISION)) {
ARM GAS  C:\Users\bernd\AppData\Local\Temp\ccLnovA9.s 			page 42


 491:external/printf/printf.c ****     prec = PRINTF_DEFAULT_FLOAT_PRECISION;
 492:external/printf/printf.c ****   }
 493:external/printf/printf.c **** 
 494:external/printf/printf.c ****   // determine the decimal exponent
 495:external/printf/printf.c ****   // based on the algorithm by David Gay (https://www.ampl.com/netlib/fp/dtoa.c)
 496:external/printf/printf.c ****   union {
 497:external/printf/printf.c ****     uint64_t U;
 498:external/printf/printf.c ****     double   F;
 499:external/printf/printf.c ****   } conv;
 500:external/printf/printf.c **** 
 501:external/printf/printf.c ****   conv.F = value;
 502:external/printf/printf.c ****   int exp2 = (int)((conv.U >> 52U) & 0x07FFU) - 1023;           // effectively log2
 503:external/printf/printf.c ****   conv.U = (conv.U & ((1ULL << 52U) - 1U)) | (1023ULL << 52U);  // drop the exponent so conv.F is n
 504:external/printf/printf.c ****   // now approximate log10 from the log2 integer part and an expansion of ln around 1.5
 505:external/printf/printf.c ****   int expval = (int)(0.1760912590558 + exp2 * 0.301029995663981 + (conv.F - 1.5) * 0.28952965460216
 506:external/printf/printf.c ****   // now we want to compute 10^expval but we want to be sure it won't overflow
 507:external/printf/printf.c ****   exp2 = (int)(expval * 3.321928094887362 + 0.5);
 508:external/printf/printf.c ****   const double z  = expval * 2.302585092994046 - exp2 * 0.6931471805599453;
 509:external/printf/printf.c ****   const double z2 = z * z;
 510:external/printf/printf.c ****   conv.U = (uint64_t)(exp2 + 1023) << 52U;
 511:external/printf/printf.c ****   // compute exp(z) using continued fractions, see https://en.wikipedia.org/wiki/Exponential_functi
 512:external/printf/printf.c ****   conv.F *= 1 + 2 * z / (2 - z + (z2 / (6 + (z2 / (10 + z2 / 14)))));
 513:external/printf/printf.c ****   // correct for rounding errors
 514:external/printf/printf.c ****   if (value < conv.F) {
 515:external/printf/printf.c ****     expval--;
 516:external/printf/printf.c ****     conv.F /= 10;
 517:external/printf/printf.c ****   }
 518:external/printf/printf.c **** 
 519:external/printf/printf.c ****   // the exponent format is "%+03d" and largest value is "307", so set aside 4-5 characters
 520:external/printf/printf.c ****   unsigned int minwidth = ((expval < 100) && (expval > -100)) ? 4U : 5U;
 521:external/printf/printf.c **** 
 522:external/printf/printf.c ****   // in "%g" mode, "prec" is the number of *significant figures* not decimals
 523:external/printf/printf.c ****   if (flags & FLAGS_ADAPT_EXP) {
 524:external/printf/printf.c ****     // do we want to fall-back to "%f" mode?
 525:external/printf/printf.c ****     if ((value >= 1e-4) && (value < 1e6)) {
 526:external/printf/printf.c ****       if ((int)prec > expval) {
 527:external/printf/printf.c ****         prec = (unsigned)((int)prec - expval - 1);
 528:external/printf/printf.c ****       }
 529:external/printf/printf.c ****       else {
 530:external/printf/printf.c ****         prec = 0;
 531:external/printf/printf.c ****       }
 532:external/printf/printf.c ****       flags |= FLAGS_PRECISION;   // make sure _ftoa respects precision
 533:external/printf/printf.c ****       // no characters in exponent
 534:external/printf/printf.c ****       minwidth = 0U;
 535:external/printf/printf.c ****       expval   = 0;
 536:external/printf/printf.c ****     }
 537:external/printf/printf.c ****     else {
 538:external/printf/printf.c ****       // we use one sigfig for the whole part
 539:external/printf/printf.c ****       if ((prec > 0) && (flags & FLAGS_PRECISION)) {
 540:external/printf/printf.c ****         --prec;
 541:external/printf/printf.c ****       }
 542:external/printf/printf.c ****     }
 543:external/printf/printf.c ****   }
 544:external/printf/printf.c **** 
 545:external/printf/printf.c ****   // will everything fit?
 546:external/printf/printf.c ****   unsigned int fwidth = width;
 547:external/printf/printf.c ****   if (width > minwidth) {
ARM GAS  C:\Users\bernd\AppData\Local\Temp\ccLnovA9.s 			page 43


 548:external/printf/printf.c ****     // we didn't fall-back so subtract the characters required for the exponent
 549:external/printf/printf.c ****     fwidth -= minwidth;
 550:external/printf/printf.c ****   } else {
 551:external/printf/printf.c ****     // not enough characters, so go back to default sizing
 552:external/printf/printf.c ****     fwidth = 0U;
 553:external/printf/printf.c ****   }
 554:external/printf/printf.c ****   if ((flags & FLAGS_LEFT) && minwidth) {
 555:external/printf/printf.c ****     // if we're padding on the right, DON'T pad the floating part
 556:external/printf/printf.c ****     fwidth = 0U;
 557:external/printf/printf.c ****   }
 558:external/printf/printf.c **** 
 559:external/printf/printf.c ****   // rescale the float value
 560:external/printf/printf.c ****   if (expval) {
 561:external/printf/printf.c ****     value /= conv.F;
 562:external/printf/printf.c ****   }
 563:external/printf/printf.c **** 
 564:external/printf/printf.c ****   // output the floating part
 565:external/printf/printf.c ****   const size_t start_idx = idx;
 566:external/printf/printf.c ****   idx = _ftoa(out, buffer, idx, maxlen, negative ? -value : value, prec, fwidth, flags & ~FLAGS_ADA
 567:external/printf/printf.c **** 
 568:external/printf/printf.c ****   // output the exponent part
 569:external/printf/printf.c ****   if (minwidth) {
 570:external/printf/printf.c ****     // output the exponential symbol
 571:external/printf/printf.c ****     out((flags & FLAGS_UPPERCASE) ? 'E' : 'e', buffer, idx++, maxlen);
 572:external/printf/printf.c ****     // output the exponent value
 573:external/printf/printf.c ****     idx = _ntoa_long(out, buffer, idx, maxlen, (expval < 0) ? -expval : expval, expval < 0, 10, 0, 
 574:external/printf/printf.c ****     // might need to right-pad spaces
 575:external/printf/printf.c ****     if (flags & FLAGS_LEFT) {
 576:external/printf/printf.c ****       while (idx - start_idx < width) out(' ', buffer, idx++, maxlen);
 577:external/printf/printf.c ****     }
 578:external/printf/printf.c ****   }
 579:external/printf/printf.c ****   return idx;
 580:external/printf/printf.c **** }
 581:external/printf/printf.c **** #endif  // PRINTF_SUPPORT_EXPONENTIAL
 582:external/printf/printf.c **** #endif  // PRINTF_SUPPORT_FLOAT
 583:external/printf/printf.c **** 
 584:external/printf/printf.c **** 
 585:external/printf/printf.c **** // internal vsnprintf
 586:external/printf/printf.c **** static int _vsnprintf(out_fct_type out, char* buffer, const size_t maxlen, const char* format, va_l
 587:external/printf/printf.c **** {
 1629              		.loc 1 587 1 is_stmt 1 view -0
 1630              		.cfi_startproc
 1631              		@ args = 4, pretend = 0, frame = 16
 1632              		@ frame_needed = 0, uses_anonymous_args = 0
 1633              		.loc 1 587 1 is_stmt 0 view .LVU419
 1634 0000 2DE9F04F 		push	{r4, r5, r6, r7, r8, r9, r10, fp, lr}
 1635              		.cfi_def_cfa_offset 36
 1636              		.cfi_offset 4, -36
 1637              		.cfi_offset 5, -32
 1638              		.cfi_offset 6, -28
 1639              		.cfi_offset 7, -24
 1640              		.cfi_offset 8, -20
 1641              		.cfi_offset 9, -16
 1642              		.cfi_offset 10, -12
 1643              		.cfi_offset 11, -8
 1644              		.cfi_offset 14, -4
 1645 0004 8FB0     		sub	sp, sp, #60
ARM GAS  C:\Users\bernd\AppData\Local\Temp\ccLnovA9.s 			page 44


 1646              		.cfi_def_cfa_offset 96
 1647 0006 8046     		mov	r8, r0
 1648 0008 1746     		mov	r7, r2
 1649 000a 0D93     		str	r3, [sp, #52]
 588:external/printf/printf.c ****   unsigned int flags, width, precision, n;
 1650              		.loc 1 588 3 is_stmt 1 view .LVU420
 589:external/printf/printf.c ****   size_t idx = 0U;
 1651              		.loc 1 589 3 view .LVU421
 1652              	.LVL180:
 590:external/printf/printf.c **** 
 591:external/printf/printf.c ****   if (!buffer) {
 1653              		.loc 1 591 3 view .LVU422
 1654              		.loc 1 591 6 is_stmt 0 view .LVU423
 1655 000c 8946     		mov	r9, r1
 1656 000e 0029     		cmp	r1, #0
 1657 0010 00F00483 		beq	.L245
 1658              	.L148:
 1659              	.LVL181:
 1660              	.LBB32:
 592:external/printf/printf.c ****     // use null output function
 593:external/printf/printf.c ****     out = _out_null;
 594:external/printf/printf.c ****   }
 595:external/printf/printf.c **** 
 596:external/printf/printf.c ****   while (*format)
 597:external/printf/printf.c ****   {
 598:external/printf/printf.c ****     // format specifier?  %[flags][width][.precision][length]
 599:external/printf/printf.c ****     if (*format != '%') {
 600:external/printf/printf.c ****       // no
 601:external/printf/printf.c ****       out(*format, buffer, idx++, maxlen);
 602:external/printf/printf.c ****       format++;
 603:external/printf/printf.c ****       continue;
 604:external/printf/printf.c ****     }
 605:external/printf/printf.c ****     else {
 606:external/printf/printf.c ****       // yes, evaluate it
 607:external/printf/printf.c ****       format++;
 608:external/printf/printf.c ****     }
 609:external/printf/printf.c **** 
 610:external/printf/printf.c ****     // evaluate flags
 611:external/printf/printf.c ****     flags = 0U;
 612:external/printf/printf.c ****     do {
 613:external/printf/printf.c ****       switch (*format) {
 614:external/printf/printf.c ****         case '0': flags |= FLAGS_ZEROPAD; format++; n = 1U; break;
 615:external/printf/printf.c ****         case '-': flags |= FLAGS_LEFT;    format++; n = 1U; break;
 616:external/printf/printf.c ****         case '+': flags |= FLAGS_PLUS;    format++; n = 1U; break;
 617:external/printf/printf.c ****         case ' ': flags |= FLAGS_SPACE;   format++; n = 1U; break;
 618:external/printf/printf.c ****         case '#': flags |= FLAGS_HASH;    format++; n = 1U; break;
 619:external/printf/printf.c ****         default :                                   n = 0U; break;
 620:external/printf/printf.c ****       }
 621:external/printf/printf.c ****     } while (n);
 622:external/printf/printf.c **** 
 623:external/printf/printf.c ****     // evaluate width field
 624:external/printf/printf.c ****     width = 0U;
 625:external/printf/printf.c ****     if (_is_digit(*format)) {
 626:external/printf/printf.c ****       width = _atoi(&format);
 627:external/printf/printf.c ****     }
 628:external/printf/printf.c ****     else if (*format == '*') {
 629:external/printf/printf.c ****       const int w = va_arg(va, int);
ARM GAS  C:\Users\bernd\AppData\Local\Temp\ccLnovA9.s 			page 45


 630:external/printf/printf.c ****       if (w < 0) {
 631:external/printf/printf.c ****         flags |= FLAGS_LEFT;    // reverse padding
 632:external/printf/printf.c ****         width = (unsigned int)-w;
 633:external/printf/printf.c ****       }
 634:external/printf/printf.c ****       else {
 635:external/printf/printf.c ****         width = (unsigned int)w;
 636:external/printf/printf.c ****       }
 637:external/printf/printf.c ****       format++;
 638:external/printf/printf.c ****     }
 639:external/printf/printf.c **** 
 640:external/printf/printf.c ****     // evaluate precision field
 641:external/printf/printf.c ****     precision = 0U;
 642:external/printf/printf.c ****     if (*format == '.') {
 643:external/printf/printf.c ****       flags |= FLAGS_PRECISION;
 644:external/printf/printf.c ****       format++;
 645:external/printf/printf.c ****       if (_is_digit(*format)) {
 646:external/printf/printf.c ****         precision = _atoi(&format);
 647:external/printf/printf.c ****       }
 648:external/printf/printf.c ****       else if (*format == '*') {
 649:external/printf/printf.c ****         const int prec = (int)va_arg(va, int);
 650:external/printf/printf.c ****         precision = prec > 0 ? (unsigned int)prec : 0U;
 651:external/printf/printf.c ****         format++;
 652:external/printf/printf.c ****       }
 653:external/printf/printf.c ****     }
 654:external/printf/printf.c **** 
 655:external/printf/printf.c ****     // evaluate length field
 656:external/printf/printf.c ****     switch (*format) {
 657:external/printf/printf.c ****       case 'l' :
 658:external/printf/printf.c ****         flags |= FLAGS_LONG;
 659:external/printf/printf.c ****         format++;
 660:external/printf/printf.c ****         if (*format == 'l') {
 661:external/printf/printf.c ****           flags |= FLAGS_LONG_LONG;
 662:external/printf/printf.c ****           format++;
 663:external/printf/printf.c ****         }
 664:external/printf/printf.c ****         break;
 665:external/printf/printf.c ****       case 'h' :
 666:external/printf/printf.c ****         flags |= FLAGS_SHORT;
 667:external/printf/printf.c ****         format++;
 668:external/printf/printf.c ****         if (*format == 'h') {
 669:external/printf/printf.c ****           flags |= FLAGS_CHAR;
 670:external/printf/printf.c ****           format++;
 671:external/printf/printf.c ****         }
 672:external/printf/printf.c ****         break;
 673:external/printf/printf.c **** #if defined(PRINTF_SUPPORT_PTRDIFF_T)
 674:external/printf/printf.c ****       case 't' :
 675:external/printf/printf.c ****         flags |= (sizeof(ptrdiff_t) == sizeof(long) ? FLAGS_LONG : FLAGS_LONG_LONG);
 676:external/printf/printf.c ****         format++;
 677:external/printf/printf.c ****         break;
 678:external/printf/printf.c **** #endif
 679:external/printf/printf.c ****       case 'j' :
 680:external/printf/printf.c ****         flags |= (sizeof(intmax_t) == sizeof(long) ? FLAGS_LONG : FLAGS_LONG_LONG);
 681:external/printf/printf.c ****         format++;
 682:external/printf/printf.c ****         break;
 683:external/printf/printf.c ****       case 'z' :
 684:external/printf/printf.c ****         flags |= (sizeof(size_t) == sizeof(long) ? FLAGS_LONG : FLAGS_LONG_LONG);
 685:external/printf/printf.c ****         format++;
 686:external/printf/printf.c ****         break;
ARM GAS  C:\Users\bernd\AppData\Local\Temp\ccLnovA9.s 			page 46


 687:external/printf/printf.c ****       default :
 688:external/printf/printf.c ****         break;
 689:external/printf/printf.c ****     }
 690:external/printf/printf.c **** 
 691:external/printf/printf.c ****     // evaluate specifier
 692:external/printf/printf.c ****     switch (*format) {
 693:external/printf/printf.c ****       case 'd' :
 694:external/printf/printf.c ****       case 'i' :
 695:external/printf/printf.c ****       case 'u' :
 696:external/printf/printf.c ****       case 'x' :
 697:external/printf/printf.c ****       case 'X' :
 698:external/printf/printf.c ****       case 'o' :
 699:external/printf/printf.c ****       case 'b' : {
 700:external/printf/printf.c ****         // set the base
 701:external/printf/printf.c ****         unsigned int base;
 702:external/printf/printf.c ****         if (*format == 'x' || *format == 'X') {
 703:external/printf/printf.c ****           base = 16U;
 704:external/printf/printf.c ****         }
 705:external/printf/printf.c ****         else if (*format == 'o') {
 706:external/printf/printf.c ****           base =  8U;
 707:external/printf/printf.c ****         }
 708:external/printf/printf.c ****         else if (*format == 'b') {
 709:external/printf/printf.c ****           base =  2U;
 710:external/printf/printf.c ****         }
 711:external/printf/printf.c ****         else {
 712:external/printf/printf.c ****           base = 10U;
 713:external/printf/printf.c ****           flags &= ~FLAGS_HASH;   // no hash for dec format
 714:external/printf/printf.c ****         }
 715:external/printf/printf.c ****         // uppercase
 716:external/printf/printf.c ****         if (*format == 'X') {
 717:external/printf/printf.c ****           flags |= FLAGS_UPPERCASE;
 718:external/printf/printf.c ****         }
 719:external/printf/printf.c **** 
 720:external/printf/printf.c ****         // no plus or space flag for u, x, X, o, b
 721:external/printf/printf.c ****         if ((*format != 'i') && (*format != 'd')) {
 722:external/printf/printf.c ****           flags &= ~(FLAGS_PLUS | FLAGS_SPACE);
 723:external/printf/printf.c ****         }
 724:external/printf/printf.c **** 
 725:external/printf/printf.c ****         // ignore '0' flag when precision is given
 726:external/printf/printf.c ****         if (flags & FLAGS_PRECISION) {
 727:external/printf/printf.c ****           flags &= ~FLAGS_ZEROPAD;
 728:external/printf/printf.c ****         }
 729:external/printf/printf.c **** 
 730:external/printf/printf.c ****         // convert the integer
 731:external/printf/printf.c ****         if ((*format == 'i') || (*format == 'd')) {
 732:external/printf/printf.c ****           // signed
 733:external/printf/printf.c ****           if (flags & FLAGS_LONG_LONG) {
 734:external/printf/printf.c **** #if defined(PRINTF_SUPPORT_LONG_LONG)
 735:external/printf/printf.c ****             const long long value = va_arg(va, long long);
 736:external/printf/printf.c ****             idx = _ntoa_long_long(out, buffer, idx, maxlen, (unsigned long long)(value > 0 ? value 
 737:external/printf/printf.c **** #endif
 738:external/printf/printf.c ****           }
 739:external/printf/printf.c ****           else if (flags & FLAGS_LONG) {
 740:external/printf/printf.c ****             const long value = va_arg(va, long);
 741:external/printf/printf.c ****             idx = _ntoa_long(out, buffer, idx, maxlen, (unsigned long)(value > 0 ? value : 0 - valu
 742:external/printf/printf.c ****           }
 743:external/printf/printf.c ****           else {
ARM GAS  C:\Users\bernd\AppData\Local\Temp\ccLnovA9.s 			page 47


 744:external/printf/printf.c ****             const int value = (flags & FLAGS_CHAR) ? (char)va_arg(va, int) : (flags & FLAGS_SHORT) 
 745:external/printf/printf.c ****             idx = _ntoa_long(out, buffer, idx, maxlen, (unsigned int)(value > 0 ? value : 0 - value
 746:external/printf/printf.c ****           }
 747:external/printf/printf.c ****         }
 748:external/printf/printf.c ****         else {
 749:external/printf/printf.c ****           // unsigned
 750:external/printf/printf.c ****           if (flags & FLAGS_LONG_LONG) {
 751:external/printf/printf.c **** #if defined(PRINTF_SUPPORT_LONG_LONG)
 752:external/printf/printf.c ****             idx = _ntoa_long_long(out, buffer, idx, maxlen, va_arg(va, unsigned long long), false, 
 753:external/printf/printf.c **** #endif
 754:external/printf/printf.c ****           }
 755:external/printf/printf.c ****           else if (flags & FLAGS_LONG) {
 756:external/printf/printf.c ****             idx = _ntoa_long(out, buffer, idx, maxlen, va_arg(va, unsigned long), false, base, prec
 757:external/printf/printf.c ****           }
 758:external/printf/printf.c ****           else {
 759:external/printf/printf.c ****             const unsigned int value = (flags & FLAGS_CHAR) ? (unsigned char)va_arg(va, unsigned in
 760:external/printf/printf.c ****             idx = _ntoa_long(out, buffer, idx, maxlen, value, false, base, precision, width, flags)
 761:external/printf/printf.c ****           }
 762:external/printf/printf.c ****         }
 763:external/printf/printf.c ****         format++;
 764:external/printf/printf.c ****         break;
 765:external/printf/printf.c ****       }
 766:external/printf/printf.c **** #if defined(PRINTF_SUPPORT_FLOAT)
 767:external/printf/printf.c ****       case 'f' :
 768:external/printf/printf.c ****       case 'F' :
 769:external/printf/printf.c ****         if (*format == 'F') flags |= FLAGS_UPPERCASE;
 770:external/printf/printf.c ****         idx = _ftoa(out, buffer, idx, maxlen, va_arg(va, double), precision, width, flags);
 771:external/printf/printf.c ****         format++;
 772:external/printf/printf.c ****         break;
 773:external/printf/printf.c **** #if defined(PRINTF_SUPPORT_EXPONENTIAL)
 774:external/printf/printf.c ****       case 'e':
 775:external/printf/printf.c ****       case 'E':
 776:external/printf/printf.c ****       case 'g':
 777:external/printf/printf.c ****       case 'G':
 778:external/printf/printf.c ****         if ((*format == 'g')||(*format == 'G')) flags |= FLAGS_ADAPT_EXP;
 779:external/printf/printf.c ****         if ((*format == 'E')||(*format == 'G')) flags |= FLAGS_UPPERCASE;
 780:external/printf/printf.c ****         idx = _etoa(out, buffer, idx, maxlen, va_arg(va, double), precision, width, flags);
 781:external/printf/printf.c ****         format++;
 782:external/printf/printf.c ****         break;
 783:external/printf/printf.c **** #endif  // PRINTF_SUPPORT_EXPONENTIAL
 784:external/printf/printf.c **** #endif  // PRINTF_SUPPORT_FLOAT
 785:external/printf/printf.c ****       case 'c' : {
 786:external/printf/printf.c ****         unsigned int l = 1U;
 787:external/printf/printf.c ****         // pre padding
 788:external/printf/printf.c ****         if (!(flags & FLAGS_LEFT)) {
 789:external/printf/printf.c ****           while (l++ < width) {
 790:external/printf/printf.c ****             out(' ', buffer, idx++, maxlen);
 791:external/printf/printf.c ****           }
 792:external/printf/printf.c ****         }
 793:external/printf/printf.c ****         // char output
 794:external/printf/printf.c ****         out((char)va_arg(va, int), buffer, idx++, maxlen);
 795:external/printf/printf.c ****         // post padding
 796:external/printf/printf.c ****         if (flags & FLAGS_LEFT) {
 797:external/printf/printf.c ****           while (l++ < width) {
 798:external/printf/printf.c ****             out(' ', buffer, idx++, maxlen);
 799:external/printf/printf.c ****           }
 800:external/printf/printf.c ****         }
ARM GAS  C:\Users\bernd\AppData\Local\Temp\ccLnovA9.s 			page 48


 801:external/printf/printf.c ****         format++;
 802:external/printf/printf.c ****         break;
 1661              		.loc 1 802 9 view .LVU424
 1662 0014 0025     		movs	r5, #0
 1663              	.LVL182:
 1664              	.L225:
 1665              		.loc 1 802 9 view .LVU425
 1666              	.LBE32:
 596:external/printf/printf.c ****   {
 1667              		.loc 1 596 10 is_stmt 1 view .LVU426
 1668 0016 0D9B     		ldr	r3, [sp, #52]
 1669 0018 1878     		ldrb	r0, [r3]	@ zero_extendqisi2
 1670 001a 0028     		cmp	r0, #0
 1671 001c 00F00183 		beq	.L246
 599:external/printf/printf.c ****       // no
 1672              		.loc 1 599 5 view .LVU427
 599:external/printf/printf.c ****       // no
 1673              		.loc 1 599 8 is_stmt 0 view .LVU428
 1674 0020 2528     		cmp	r0, #37
 1675 0022 09D0     		beq	.L150
 601:external/printf/printf.c ****       format++;
 1676              		.loc 1 601 7 is_stmt 1 view .LVU429
 1677 0024 6C1C     		adds	r4, r5, #1
 1678              	.LVL183:
 601:external/printf/printf.c ****       format++;
 1679              		.loc 1 601 7 is_stmt 0 view .LVU430
 1680 0026 3B46     		mov	r3, r7
 1681 0028 2A46     		mov	r2, r5
 1682 002a 4946     		mov	r1, r9
 1683 002c C047     		blx	r8
 1684              	.LVL184:
 602:external/printf/printf.c ****       continue;
 1685              		.loc 1 602 7 is_stmt 1 view .LVU431
 602:external/printf/printf.c ****       continue;
 1686              		.loc 1 602 13 is_stmt 0 view .LVU432
 1687 002e 0D9B     		ldr	r3, [sp, #52]
 1688 0030 0133     		adds	r3, r3, #1
 1689 0032 0D93     		str	r3, [sp, #52]
 603:external/printf/printf.c ****     }
 1690              		.loc 1 603 7 is_stmt 1 view .LVU433
 601:external/printf/printf.c ****       format++;
 1691              		.loc 1 601 7 is_stmt 0 view .LVU434
 1692 0034 2546     		mov	r5, r4
 603:external/printf/printf.c ****     }
 1693              		.loc 1 603 7 view .LVU435
 1694 0036 EEE7     		b	.L225
 1695              	.LVL185:
 1696              	.L150:
 607:external/printf/printf.c ****     }
 1697              		.loc 1 607 7 is_stmt 1 view .LVU436
 607:external/printf/printf.c ****     }
 1698              		.loc 1 607 13 is_stmt 0 view .LVU437
 1699 0038 0133     		adds	r3, r3, #1
 1700 003a 0D93     		str	r3, [sp, #52]
 611:external/printf/printf.c ****     do {
 1701              		.loc 1 611 5 is_stmt 1 view .LVU438
 1702              	.LVL186:
ARM GAS  C:\Users\bernd\AppData\Local\Temp\ccLnovA9.s 			page 49


 611:external/printf/printf.c ****     do {
 1703              		.loc 1 611 11 is_stmt 0 view .LVU439
 1704 003c 0026     		movs	r6, #0
 1705 003e 1FE0     		b	.L159
 1706              	.LVL187:
 1707              	.L153:
 614:external/printf/printf.c ****         case '-': flags |= FLAGS_LEFT;    format++; n = 1U; break;
 1708              		.loc 1 614 19 is_stmt 1 view .LVU440
 614:external/printf/printf.c ****         case '-': flags |= FLAGS_LEFT;    format++; n = 1U; break;
 1709              		.loc 1 614 25 is_stmt 0 view .LVU441
 1710 0040 46F00106 		orr	r6, r6, #1
 1711              	.LVL188:
 614:external/printf/printf.c ****         case '-': flags |= FLAGS_LEFT;    format++; n = 1U; break;
 1712              		.loc 1 614 43 is_stmt 1 view .LVU442
 614:external/printf/printf.c ****         case '-': flags |= FLAGS_LEFT;    format++; n = 1U; break;
 1713              		.loc 1 614 49 is_stmt 0 view .LVU443
 1714 0044 0132     		adds	r2, r2, #1
 1715 0046 0D92     		str	r2, [sp, #52]
 614:external/printf/printf.c ****         case '-': flags |= FLAGS_LEFT;    format++; n = 1U; break;
 1716              		.loc 1 614 53 is_stmt 1 view .LVU444
 1717              	.LVL189:
 614:external/printf/printf.c ****         case '-': flags |= FLAGS_LEFT;    format++; n = 1U; break;
 1718              		.loc 1 614 61 view .LVU445
 614:external/printf/printf.c ****         case '-': flags |= FLAGS_LEFT;    format++; n = 1U; break;
 1719              		.loc 1 614 55 is_stmt 0 view .LVU446
 1720 0048 0123     		movs	r3, #1
 614:external/printf/printf.c ****         case '-': flags |= FLAGS_LEFT;    format++; n = 1U; break;
 1721              		.loc 1 614 61 view .LVU447
 1722 004a 18E0     		b	.L152
 1723              	.LVL190:
 1724              	.L155:
 615:external/printf/printf.c ****         case '+': flags |= FLAGS_PLUS;    format++; n = 1U; break;
 1725              		.loc 1 615 19 is_stmt 1 view .LVU448
 615:external/printf/printf.c ****         case '+': flags |= FLAGS_PLUS;    format++; n = 1U; break;
 1726              		.loc 1 615 25 is_stmt 0 view .LVU449
 1727 004c 46F00206 		orr	r6, r6, #2
 1728              	.LVL191:
 615:external/printf/printf.c ****         case '+': flags |= FLAGS_PLUS;    format++; n = 1U; break;
 1729              		.loc 1 615 43 is_stmt 1 view .LVU450
 615:external/printf/printf.c ****         case '+': flags |= FLAGS_PLUS;    format++; n = 1U; break;
 1730              		.loc 1 615 49 is_stmt 0 view .LVU451
 1731 0050 0132     		adds	r2, r2, #1
 1732 0052 0D92     		str	r2, [sp, #52]
 615:external/printf/printf.c ****         case '+': flags |= FLAGS_PLUS;    format++; n = 1U; break;
 1733              		.loc 1 615 53 is_stmt 1 view .LVU452
 1734              	.LVL192:
 615:external/printf/printf.c ****         case '+': flags |= FLAGS_PLUS;    format++; n = 1U; break;
 1735              		.loc 1 615 61 view .LVU453
 615:external/printf/printf.c ****         case '+': flags |= FLAGS_PLUS;    format++; n = 1U; break;
 1736              		.loc 1 615 55 is_stmt 0 view .LVU454
 1737 0054 0123     		movs	r3, #1
 615:external/printf/printf.c ****         case '+': flags |= FLAGS_PLUS;    format++; n = 1U; break;
 1738              		.loc 1 615 61 view .LVU455
 1739 0056 12E0     		b	.L152
 1740              	.LVL193:
 1741              	.L156:
 616:external/printf/printf.c ****         case ' ': flags |= FLAGS_SPACE;   format++; n = 1U; break;
ARM GAS  C:\Users\bernd\AppData\Local\Temp\ccLnovA9.s 			page 50


 1742              		.loc 1 616 19 is_stmt 1 view .LVU456
 616:external/printf/printf.c ****         case ' ': flags |= FLAGS_SPACE;   format++; n = 1U; break;
 1743              		.loc 1 616 25 is_stmt 0 view .LVU457
 1744 0058 46F00406 		orr	r6, r6, #4
 1745              	.LVL194:
 616:external/printf/printf.c ****         case ' ': flags |= FLAGS_SPACE;   format++; n = 1U; break;
 1746              		.loc 1 616 43 is_stmt 1 view .LVU458
 616:external/printf/printf.c ****         case ' ': flags |= FLAGS_SPACE;   format++; n = 1U; break;
 1747              		.loc 1 616 49 is_stmt 0 view .LVU459
 1748 005c 0132     		adds	r2, r2, #1
 1749 005e 0D92     		str	r2, [sp, #52]
 616:external/printf/printf.c ****         case ' ': flags |= FLAGS_SPACE;   format++; n = 1U; break;
 1750              		.loc 1 616 53 is_stmt 1 view .LVU460
 1751              	.LVL195:
 616:external/printf/printf.c ****         case ' ': flags |= FLAGS_SPACE;   format++; n = 1U; break;
 1752              		.loc 1 616 61 view .LVU461
 616:external/printf/printf.c ****         case ' ': flags |= FLAGS_SPACE;   format++; n = 1U; break;
 1753              		.loc 1 616 55 is_stmt 0 view .LVU462
 1754 0060 0123     		movs	r3, #1
 616:external/printf/printf.c ****         case ' ': flags |= FLAGS_SPACE;   format++; n = 1U; break;
 1755              		.loc 1 616 61 view .LVU463
 1756 0062 0CE0     		b	.L152
 1757              	.LVL196:
 1758              	.L158:
 617:external/printf/printf.c ****         case '#': flags |= FLAGS_HASH;    format++; n = 1U; break;
 1759              		.loc 1 617 19 is_stmt 1 view .LVU464
 617:external/printf/printf.c ****         case '#': flags |= FLAGS_HASH;    format++; n = 1U; break;
 1760              		.loc 1 617 25 is_stmt 0 view .LVU465
 1761 0064 46F00806 		orr	r6, r6, #8
 1762              	.LVL197:
 617:external/printf/printf.c ****         case '#': flags |= FLAGS_HASH;    format++; n = 1U; break;
 1763              		.loc 1 617 43 is_stmt 1 view .LVU466
 617:external/printf/printf.c ****         case '#': flags |= FLAGS_HASH;    format++; n = 1U; break;
 1764              		.loc 1 617 49 is_stmt 0 view .LVU467
 1765 0068 0132     		adds	r2, r2, #1
 1766 006a 0D92     		str	r2, [sp, #52]
 617:external/printf/printf.c ****         case '#': flags |= FLAGS_HASH;    format++; n = 1U; break;
 1767              		.loc 1 617 53 is_stmt 1 view .LVU468
 1768              	.LVL198:
 617:external/printf/printf.c ****         case '#': flags |= FLAGS_HASH;    format++; n = 1U; break;
 1769              		.loc 1 617 61 view .LVU469
 617:external/printf/printf.c ****         case '#': flags |= FLAGS_HASH;    format++; n = 1U; break;
 1770              		.loc 1 617 55 is_stmt 0 view .LVU470
 1771 006c 0123     		movs	r3, #1
 617:external/printf/printf.c ****         case '#': flags |= FLAGS_HASH;    format++; n = 1U; break;
 1772              		.loc 1 617 61 view .LVU471
 1773 006e 06E0     		b	.L152
 1774              	.LVL199:
 1775              	.L157:
 618:external/printf/printf.c ****         default :                                   n = 0U; break;
 1776              		.loc 1 618 19 is_stmt 1 view .LVU472
 618:external/printf/printf.c ****         default :                                   n = 0U; break;
 1777              		.loc 1 618 25 is_stmt 0 view .LVU473
 1778 0070 46F01006 		orr	r6, r6, #16
 1779              	.LVL200:
 618:external/printf/printf.c ****         default :                                   n = 0U; break;
 1780              		.loc 1 618 43 is_stmt 1 view .LVU474
ARM GAS  C:\Users\bernd\AppData\Local\Temp\ccLnovA9.s 			page 51


 618:external/printf/printf.c ****         default :                                   n = 0U; break;
 1781              		.loc 1 618 49 is_stmt 0 view .LVU475
 1782 0074 0132     		adds	r2, r2, #1
 1783 0076 0D92     		str	r2, [sp, #52]
 618:external/printf/printf.c ****         default :                                   n = 0U; break;
 1784              		.loc 1 618 53 is_stmt 1 view .LVU476
 1785              	.LVL201:
 618:external/printf/printf.c ****         default :                                   n = 0U; break;
 1786              		.loc 1 618 61 view .LVU477
 618:external/printf/printf.c ****         default :                                   n = 0U; break;
 1787              		.loc 1 618 55 is_stmt 0 view .LVU478
 1788 0078 0123     		movs	r3, #1
 618:external/printf/printf.c ****         default :                                   n = 0U; break;
 1789              		.loc 1 618 61 view .LVU479
 1790 007a 00E0     		b	.L152
 1791              	.LVL202:
 1792              	.L229:
 613:external/printf/printf.c ****         case '0': flags |= FLAGS_ZEROPAD; format++; n = 1U; break;
 1793              		.loc 1 613 7 view .LVU480
 1794 007c 0023     		movs	r3, #0
 1795              	.L152:
 1796              	.LVL203:
 621:external/printf/printf.c **** 
 1797              		.loc 1 621 14 is_stmt 1 view .LVU481
 1798 007e 4BB3     		cbz	r3, .L247
 1799              	.LVL204:
 1800              	.L159:
 612:external/printf/printf.c ****       switch (*format) {
 1801              		.loc 1 612 5 view .LVU482
 613:external/printf/printf.c ****         case '0': flags |= FLAGS_ZEROPAD; format++; n = 1U; break;
 1802              		.loc 1 613 7 view .LVU483
 613:external/printf/printf.c ****         case '0': flags |= FLAGS_ZEROPAD; format++; n = 1U; break;
 1803              		.loc 1 613 15 is_stmt 0 view .LVU484
 1804 0080 0D9A     		ldr	r2, [sp, #52]
 1805 0082 1378     		ldrb	r3, [r2]	@ zero_extendqisi2
 613:external/printf/printf.c ****         case '0': flags |= FLAGS_ZEROPAD; format++; n = 1U; break;
 1806              		.loc 1 613 7 view .LVU485
 1807 0084 203B     		subs	r3, r3, #32
 1808 0086 102B     		cmp	r3, #16
 1809 0088 F8D8     		bhi	.L229
 1810 008a 01A1     		adr	r1, .L154
 1811 008c 51F823F0 		ldr	pc, [r1, r3, lsl #2]
 1812              		.p2align 2
 1813              	.L154:
 1814 0090 65000000 		.word	.L158+1
 1815 0094 7D000000 		.word	.L229+1
 1816 0098 7D000000 		.word	.L229+1
 1817 009c 71000000 		.word	.L157+1
 1818 00a0 7D000000 		.word	.L229+1
 1819 00a4 7D000000 		.word	.L229+1
 1820 00a8 7D000000 		.word	.L229+1
 1821 00ac 7D000000 		.word	.L229+1
 1822 00b0 7D000000 		.word	.L229+1
 1823 00b4 7D000000 		.word	.L229+1
 1824 00b8 7D000000 		.word	.L229+1
 1825 00bc 59000000 		.word	.L156+1
 1826 00c0 7D000000 		.word	.L229+1
ARM GAS  C:\Users\bernd\AppData\Local\Temp\ccLnovA9.s 			page 52


 1827 00c4 4D000000 		.word	.L155+1
 1828 00c8 7D000000 		.word	.L229+1
 1829 00cc 7D000000 		.word	.L229+1
 1830 00d0 41000000 		.word	.L153+1
 1831              	.LVL205:
 1832              		.p2align 1
 1833              	.L247:
 625:external/printf/printf.c ****       width = _atoi(&format);
 1834              		.loc 1 625 9 view .LVU486
 1835 00d4 0A93     		str	r3, [sp, #40]
 624:external/printf/printf.c ****     if (_is_digit(*format)) {
 1836              		.loc 1 624 5 is_stmt 1 view .LVU487
 1837              	.LVL206:
 625:external/printf/printf.c ****       width = _atoi(&format);
 1838              		.loc 1 625 5 view .LVU488
 625:external/printf/printf.c ****       width = _atoi(&format);
 1839              		.loc 1 625 9 is_stmt 0 view .LVU489
 1840 00d6 0D9B     		ldr	r3, [sp, #52]
 1841              	.LVL207:
 625:external/printf/printf.c ****       width = _atoi(&format);
 1842              		.loc 1 625 9 view .LVU490
 1843 00d8 1A78     		ldrb	r2, [r3]	@ zero_extendqisi2
 1844              	.LVL208:
 1845              	.LBB33:
 1846              	.LBI33:
 190:external/printf/printf.c **** {
 1847              		.loc 1 190 20 is_stmt 1 view .LVU491
 1848              	.LBB34:
 192:external/printf/printf.c **** }
 1849              		.loc 1 192 3 view .LVU492
 192:external/printf/printf.c **** }
 1850              		.loc 1 192 22 is_stmt 0 view .LVU493
 1851 00da A2F13003 		sub	r3, r2, #48
 1852 00de DBB2     		uxtb	r3, r3
 1853              	.LVL209:
 192:external/printf/printf.c **** }
 1854              		.loc 1 192 22 view .LVU494
 1855              	.LBE34:
 1856              	.LBE33:
 625:external/printf/printf.c ****       width = _atoi(&format);
 1857              		.loc 1 625 8 discriminator 1 view .LVU495
 1858 00e0 092B     		cmp	r3, #9
 1859 00e2 18D9     		bls	.L248
 628:external/printf/printf.c ****       const int w = va_arg(va, int);
 1860              		.loc 1 628 10 is_stmt 1 view .LVU496
 628:external/printf/printf.c ****       const int w = va_arg(va, int);
 1861              		.loc 1 628 13 is_stmt 0 view .LVU497
 1862 00e4 2A2A     		cmp	r2, #42
 1863 00e6 1BD0     		beq	.L249
 624:external/printf/printf.c ****     if (_is_digit(*format)) {
 1864              		.loc 1 624 11 view .LVU498
 1865 00e8 0A9B     		ldr	r3, [sp, #40]
 1866 00ea 0B93     		str	r3, [sp, #44]
 1867              	.LVL210:
 1868              	.L161:
 641:external/printf/printf.c ****     if (*format == '.') {
 1869              		.loc 1 641 5 is_stmt 1 view .LVU499
ARM GAS  C:\Users\bernd\AppData\Local\Temp\ccLnovA9.s 			page 53


 642:external/printf/printf.c ****       flags |= FLAGS_PRECISION;
 1870              		.loc 1 642 5 view .LVU500
 642:external/printf/printf.c ****       flags |= FLAGS_PRECISION;
 1871              		.loc 1 642 9 is_stmt 0 view .LVU501
 1872 00ec 0D9B     		ldr	r3, [sp, #52]
 1873 00ee 1A78     		ldrb	r2, [r3]	@ zero_extendqisi2
 642:external/printf/printf.c ****       flags |= FLAGS_PRECISION;
 1874              		.loc 1 642 8 view .LVU502
 1875 00f0 2E2A     		cmp	r2, #46
 1876 00f2 25D0     		beq	.L250
 1877              	.LVL211:
 1878              	.L164:
 656:external/printf/printf.c ****       case 'l' :
 1879              		.loc 1 656 5 is_stmt 1 view .LVU503
 656:external/printf/printf.c ****       case 'l' :
 1880              		.loc 1 656 13 is_stmt 0 view .LVU504
 1881 00f4 0D9A     		ldr	r2, [sp, #52]
 1882 00f6 1378     		ldrb	r3, [r2]	@ zero_extendqisi2
 656:external/printf/printf.c ****       case 'l' :
 1883              		.loc 1 656 5 view .LVU505
 1884 00f8 683B     		subs	r3, r3, #104
 1885 00fa 122B     		cmp	r3, #18
 1886 00fc 5CD8     		bhi	.L166
 1887 00fe DFE803F0 		tbb	[pc, r3]
 1888              	.L168:
 1889 0102 49       		.byte	(.L171-.L168)/2
 1890 0103 5B       		.byte	(.L166-.L168)/2
 1891 0104 57       		.byte	(.L170-.L168)/2
 1892 0105 5B       		.byte	(.L166-.L168)/2
 1893 0106 3B       		.byte	(.L169-.L168)/2
 1894 0107 5B       		.byte	(.L166-.L168)/2
 1895 0108 5B       		.byte	(.L166-.L168)/2
 1896 0109 5B       		.byte	(.L166-.L168)/2
 1897 010a 5B       		.byte	(.L166-.L168)/2
 1898 010b 5B       		.byte	(.L166-.L168)/2
 1899 010c 5B       		.byte	(.L166-.L168)/2
 1900 010d 5B       		.byte	(.L166-.L168)/2
 1901 010e 5B       		.byte	(.L166-.L168)/2
 1902 010f 5B       		.byte	(.L166-.L168)/2
 1903 0110 5B       		.byte	(.L166-.L168)/2
 1904 0111 5B       		.byte	(.L166-.L168)/2
 1905 0112 5B       		.byte	(.L166-.L168)/2
 1906 0113 5B       		.byte	(.L166-.L168)/2
 1907 0114 89       		.byte	(.L167-.L168)/2
 1908              	.LVL212:
 1909 0115 00       		.p2align 1
 1910              	.L248:
 626:external/printf/printf.c ****     }
 1911              		.loc 1 626 7 is_stmt 1 view .LVU506
 626:external/printf/printf.c ****     }
 1912              		.loc 1 626 15 is_stmt 0 view .LVU507
 1913 0116 0DA8     		add	r0, sp, #52
 1914 0118 FFF7FEFF 		bl	_atoi
 1915              	.LVL213:
 1916 011c 0B90     		str	r0, [sp, #44]
 1917              	.LVL214:
 626:external/printf/printf.c ****     }
ARM GAS  C:\Users\bernd\AppData\Local\Temp\ccLnovA9.s 			page 54


 1918              		.loc 1 626 15 view .LVU508
 1919 011e E5E7     		b	.L161
 1920              	.LVL215:
 1921              	.L249:
 1922              	.LBB35:
 629:external/printf/printf.c ****       if (w < 0) {
 1923              		.loc 1 629 7 is_stmt 1 view .LVU509
 629:external/printf/printf.c ****       if (w < 0) {
 1924              		.loc 1 629 17 is_stmt 0 view .LVU510
 1925 0120 189B     		ldr	r3, [sp, #96]
 1926 0122 1A1D     		adds	r2, r3, #4
 1927 0124 1892     		str	r2, [sp, #96]
 1928 0126 1B68     		ldr	r3, [r3]
 630:external/printf/printf.c ****         flags |= FLAGS_LEFT;    // reverse padding
 1929              		.loc 1 630 7 is_stmt 1 view .LVU511
 630:external/printf/printf.c ****         flags |= FLAGS_LEFT;    // reverse padding
 1930              		.loc 1 630 10 is_stmt 0 view .LVU512
 1931 0128 002B     		cmp	r3, #0
 1932 012a 04DB     		blt	.L251
 635:external/printf/printf.c ****       }
 1933              		.loc 1 635 9 is_stmt 1 view .LVU513
 635:external/printf/printf.c ****       }
 1934              		.loc 1 635 15 is_stmt 0 view .LVU514
 1935 012c 0B93     		str	r3, [sp, #44]
 1936              	.LVL216:
 1937              	.L163:
 637:external/printf/printf.c ****     }
 1938              		.loc 1 637 7 is_stmt 1 view .LVU515
 637:external/printf/printf.c ****     }
 1939              		.loc 1 637 13 is_stmt 0 view .LVU516
 1940 012e 0D9B     		ldr	r3, [sp, #52]
 1941 0130 0133     		adds	r3, r3, #1
 1942 0132 0D93     		str	r3, [sp, #52]
 1943 0134 DAE7     		b	.L161
 1944              	.LVL217:
 1945              	.L251:
 631:external/printf/printf.c ****         width = (unsigned int)-w;
 1946              		.loc 1 631 9 is_stmt 1 view .LVU517
 631:external/printf/printf.c ****         width = (unsigned int)-w;
 1947              		.loc 1 631 15 is_stmt 0 view .LVU518
 1948 0136 46F00206 		orr	r6, r6, #2
 1949              	.LVL218:
 632:external/printf/printf.c ****       }
 1950              		.loc 1 632 9 is_stmt 1 view .LVU519
 632:external/printf/printf.c ****       }
 1951              		.loc 1 632 31 is_stmt 0 view .LVU520
 1952 013a 5B42     		rsbs	r3, r3, #0
 1953 013c 0B93     		str	r3, [sp, #44]
 1954              	.LVL219:
 632:external/printf/printf.c ****       }
 1955              		.loc 1 632 31 view .LVU521
 1956 013e F6E7     		b	.L163
 1957              	.LVL220:
 1958              	.L250:
 632:external/printf/printf.c ****       }
 1959              		.loc 1 632 31 view .LVU522
 1960              	.LBE35:
ARM GAS  C:\Users\bernd\AppData\Local\Temp\ccLnovA9.s 			page 55


 643:external/printf/printf.c ****       format++;
 1961              		.loc 1 643 7 is_stmt 1 view .LVU523
 643:external/printf/printf.c ****       format++;
 1962              		.loc 1 643 13 is_stmt 0 view .LVU524
 1963 0140 46F48066 		orr	r6, r6, #1024
 1964              	.LVL221:
 644:external/printf/printf.c ****       if (_is_digit(*format)) {
 1965              		.loc 1 644 7 is_stmt 1 view .LVU525
 644:external/printf/printf.c ****       if (_is_digit(*format)) {
 1966              		.loc 1 644 13 is_stmt 0 view .LVU526
 1967 0144 5A1C     		adds	r2, r3, #1
 1968 0146 0D92     		str	r2, [sp, #52]
 645:external/printf/printf.c ****         precision = _atoi(&format);
 1969              		.loc 1 645 7 is_stmt 1 view .LVU527
 645:external/printf/printf.c ****         precision = _atoi(&format);
 1970              		.loc 1 645 11 is_stmt 0 view .LVU528
 1971 0148 5A78     		ldrb	r2, [r3, #1]	@ zero_extendqisi2
 1972              	.LVL222:
 1973              	.LBB36:
 1974              	.LBI36:
 190:external/printf/printf.c **** {
 1975              		.loc 1 190 20 is_stmt 1 view .LVU529
 1976              	.LBB37:
 192:external/printf/printf.c **** }
 1977              		.loc 1 192 3 view .LVU530
 192:external/printf/printf.c **** }
 1978              		.loc 1 192 22 is_stmt 0 view .LVU531
 1979 014a A2F13003 		sub	r3, r2, #48
 1980 014e DBB2     		uxtb	r3, r3
 1981              	.LVL223:
 192:external/printf/printf.c **** }
 1982              		.loc 1 192 22 view .LVU532
 1983              	.LBE37:
 1984              	.LBE36:
 645:external/printf/printf.c ****         precision = _atoi(&format);
 1985              		.loc 1 645 10 discriminator 1 view .LVU533
 1986 0150 092B     		cmp	r3, #9
 1987 0152 0CD9     		bls	.L252
 648:external/printf/printf.c ****         const int prec = (int)va_arg(va, int);
 1988              		.loc 1 648 12 is_stmt 1 view .LVU534
 648:external/printf/printf.c ****         const int prec = (int)va_arg(va, int);
 1989              		.loc 1 648 15 is_stmt 0 view .LVU535
 1990 0154 2A2A     		cmp	r2, #42
 1991 0156 CDD1     		bne	.L164
 1992              	.LBB38:
 649:external/printf/printf.c ****         precision = prec > 0 ? (unsigned int)prec : 0U;
 1993              		.loc 1 649 9 is_stmt 1 view .LVU536
 649:external/printf/printf.c ****         precision = prec > 0 ? (unsigned int)prec : 0U;
 1994              		.loc 1 649 19 is_stmt 0 view .LVU537
 1995 0158 189B     		ldr	r3, [sp, #96]
 1996 015a 1A1D     		adds	r2, r3, #4
 1997 015c 1892     		str	r2, [sp, #96]
 1998 015e 1C68     		ldr	r4, [r3]
 650:external/printf/printf.c ****         format++;
 1999              		.loc 1 650 9 is_stmt 1 view .LVU538
 650:external/printf/printf.c ****         format++;
 2000              		.loc 1 650 51 is_stmt 0 view .LVU539
ARM GAS  C:\Users\bernd\AppData\Local\Temp\ccLnovA9.s 			page 56


 2001 0160 24EAE473 		bic	r3, r4, r4, asr #31
 2002 0164 0A93     		str	r3, [sp, #40]
 2003              	.LVL224:
 651:external/printf/printf.c ****       }
 2004              		.loc 1 651 9 is_stmt 1 view .LVU540
 651:external/printf/printf.c ****       }
 2005              		.loc 1 651 15 is_stmt 0 view .LVU541
 2006 0166 0D9B     		ldr	r3, [sp, #52]
 2007              	.LVL225:
 651:external/printf/printf.c ****       }
 2008              		.loc 1 651 15 view .LVU542
 2009 0168 0133     		adds	r3, r3, #1
 2010 016a 0D93     		str	r3, [sp, #52]
 2011 016c C2E7     		b	.L164
 2012              	.LVL226:
 2013              	.L252:
 651:external/printf/printf.c ****       }
 2014              		.loc 1 651 15 view .LVU543
 2015              	.LBE38:
 646:external/printf/printf.c ****       }
 2016              		.loc 1 646 9 is_stmt 1 view .LVU544
 646:external/printf/printf.c ****       }
 2017              		.loc 1 646 21 is_stmt 0 view .LVU545
 2018 016e 0DA8     		add	r0, sp, #52
 2019 0170 FFF7FEFF 		bl	_atoi
 2020              	.LVL227:
 2021 0174 0A90     		str	r0, [sp, #40]
 2022              	.LVL228:
 646:external/printf/printf.c ****       }
 2023              		.loc 1 646 21 view .LVU546
 2024 0176 BDE7     		b	.L164
 2025              	.LVL229:
 2026              	.L169:
 658:external/printf/printf.c ****         format++;
 2027              		.loc 1 658 9 is_stmt 1 view .LVU547
 658:external/printf/printf.c ****         format++;
 2028              		.loc 1 658 15 is_stmt 0 view .LVU548
 2029 0178 46F48071 		orr	r1, r6, #256
 2030              	.LVL230:
 659:external/printf/printf.c ****         if (*format == 'l') {
 2031              		.loc 1 659 9 is_stmt 1 view .LVU549
 659:external/printf/printf.c ****         if (*format == 'l') {
 2032              		.loc 1 659 15 is_stmt 0 view .LVU550
 2033 017c 531C     		adds	r3, r2, #1
 2034 017e 0D93     		str	r3, [sp, #52]
 660:external/printf/printf.c ****           flags |= FLAGS_LONG_LONG;
 2035              		.loc 1 660 9 is_stmt 1 view .LVU551
 660:external/printf/printf.c ****           flags |= FLAGS_LONG_LONG;
 2036              		.loc 1 660 13 is_stmt 0 view .LVU552
 2037 0180 5378     		ldrb	r3, [r2, #1]	@ zero_extendqisi2
 660:external/printf/printf.c ****           flags |= FLAGS_LONG_LONG;
 2038              		.loc 1 660 12 view .LVU553
 2039 0182 6C2B     		cmp	r3, #108
 2040 0184 01D0     		beq	.L253
 658:external/printf/printf.c ****         format++;
 2041              		.loc 1 658 15 view .LVU554
 2042 0186 0E46     		mov	r6, r1
ARM GAS  C:\Users\bernd\AppData\Local\Temp\ccLnovA9.s 			page 57


 2043 0188 16E0     		b	.L166
 2044              	.L253:
 661:external/printf/printf.c ****           format++;
 2045              		.loc 1 661 11 is_stmt 1 view .LVU555
 661:external/printf/printf.c ****           format++;
 2046              		.loc 1 661 17 is_stmt 0 view .LVU556
 2047 018a 46F44076 		orr	r6, r6, #768
 2048              	.LVL231:
 662:external/printf/printf.c ****         }
 2049              		.loc 1 662 11 is_stmt 1 view .LVU557
 662:external/printf/printf.c ****         }
 2050              		.loc 1 662 17 is_stmt 0 view .LVU558
 2051 018e 0232     		adds	r2, r2, #2
 2052 0190 0D92     		str	r2, [sp, #52]
 2053 0192 11E0     		b	.L166
 2054              	.L171:
 666:external/printf/printf.c ****         format++;
 2055              		.loc 1 666 9 is_stmt 1 view .LVU559
 666:external/printf/printf.c ****         format++;
 2056              		.loc 1 666 15 is_stmt 0 view .LVU560
 2057 0194 46F08001 		orr	r1, r6, #128
 2058              	.LVL232:
 667:external/printf/printf.c ****         if (*format == 'h') {
 2059              		.loc 1 667 9 is_stmt 1 view .LVU561
 667:external/printf/printf.c ****         if (*format == 'h') {
 2060              		.loc 1 667 15 is_stmt 0 view .LVU562
 2061 0198 531C     		adds	r3, r2, #1
 2062 019a 0D93     		str	r3, [sp, #52]
 668:external/printf/printf.c ****           flags |= FLAGS_CHAR;
 2063              		.loc 1 668 9 is_stmt 1 view .LVU563
 668:external/printf/printf.c ****           flags |= FLAGS_CHAR;
 2064              		.loc 1 668 13 is_stmt 0 view .LVU564
 2065 019c 5378     		ldrb	r3, [r2, #1]	@ zero_extendqisi2
 668:external/printf/printf.c ****           flags |= FLAGS_CHAR;
 2066              		.loc 1 668 12 view .LVU565
 2067 019e 682B     		cmp	r3, #104
 2068 01a0 01D0     		beq	.L254
 666:external/printf/printf.c ****         format++;
 2069              		.loc 1 666 15 view .LVU566
 2070 01a2 0E46     		mov	r6, r1
 2071 01a4 08E0     		b	.L166
 2072              	.L254:
 669:external/printf/printf.c ****           format++;
 2073              		.loc 1 669 11 is_stmt 1 view .LVU567
 669:external/printf/printf.c ****           format++;
 2074              		.loc 1 669 17 is_stmt 0 view .LVU568
 2075 01a6 46F0C006 		orr	r6, r6, #192
 2076              	.LVL233:
 670:external/printf/printf.c ****         }
 2077              		.loc 1 670 11 is_stmt 1 view .LVU569
 670:external/printf/printf.c ****         }
 2078              		.loc 1 670 17 is_stmt 0 view .LVU570
 2079 01aa 0232     		adds	r2, r2, #2
 2080 01ac 0D92     		str	r2, [sp, #52]
 2081 01ae 03E0     		b	.L166
 2082              	.L170:
 680:external/printf/printf.c ****         format++;
ARM GAS  C:\Users\bernd\AppData\Local\Temp\ccLnovA9.s 			page 58


 2083              		.loc 1 680 9 is_stmt 1 view .LVU571
 680:external/printf/printf.c ****         format++;
 2084              		.loc 1 680 15 is_stmt 0 view .LVU572
 2085 01b0 46F40076 		orr	r6, r6, #512
 2086              	.LVL234:
 681:external/printf/printf.c ****         break;
 2087              		.loc 1 681 9 is_stmt 1 view .LVU573
 681:external/printf/printf.c ****         break;
 2088              		.loc 1 681 15 is_stmt 0 view .LVU574
 2089 01b4 0132     		adds	r2, r2, #1
 2090 01b6 0D92     		str	r2, [sp, #52]
 682:external/printf/printf.c ****       case 'z' :
 2091              		.loc 1 682 9 is_stmt 1 view .LVU575
 2092              	.L166:
 692:external/printf/printf.c ****       case 'd' :
 2093              		.loc 1 692 5 view .LVU576
 692:external/printf/printf.c ****       case 'd' :
 2094              		.loc 1 692 13 is_stmt 0 view .LVU577
 2095 01b8 0D9B     		ldr	r3, [sp, #52]
 2096 01ba 1878     		ldrb	r0, [r3]	@ zero_extendqisi2
 692:external/printf/printf.c ****       case 'd' :
 2097              		.loc 1 692 5 view .LVU578
 2098 01bc 6628     		cmp	r0, #102
 2099 01be 3CD8     		bhi	.L172
 692:external/printf/printf.c ****       case 'd' :
 2100              		.loc 1 692 5 view .LVU579
 2101 01c0 4628     		cmp	r0, #70
 2102 01c2 2CD3     		bcc	.L255
 2103 01c4 A0F14603 		sub	r3, r0, #70
 2104 01c8 202B     		cmp	r3, #32
 2105 01ca 00F21D82 		bhi	.L175
 2106 01ce DFE813F0 		tbh	[pc, r3, lsl #1]
 2107              	.L180:
 2108 01d2 5901     		.2byte	(.L179-.L180)/2
 2109 01d4 1B02     		.2byte	(.L175-.L180)/2
 2110 01d6 1B02     		.2byte	(.L175-.L180)/2
 2111 01d8 1B02     		.2byte	(.L175-.L180)/2
 2112 01da 1B02     		.2byte	(.L175-.L180)/2
 2113 01dc 1B02     		.2byte	(.L175-.L180)/2
 2114 01de 1B02     		.2byte	(.L175-.L180)/2
 2115 01e0 1B02     		.2byte	(.L175-.L180)/2
 2116 01e2 1B02     		.2byte	(.L175-.L180)/2
 2117 01e4 1B02     		.2byte	(.L175-.L180)/2
 2118 01e6 1B02     		.2byte	(.L175-.L180)/2
 2119 01e8 1B02     		.2byte	(.L175-.L180)/2
 2120 01ea 1B02     		.2byte	(.L175-.L180)/2
 2121 01ec 1B02     		.2byte	(.L175-.L180)/2
 2122 01ee 1B02     		.2byte	(.L175-.L180)/2
 2123 01f0 1B02     		.2byte	(.L175-.L180)/2
 2124 01f2 1B02     		.2byte	(.L175-.L180)/2
 2125 01f4 1B02     		.2byte	(.L175-.L180)/2
 2126 01f6 6200     		.2byte	(.L176-.L180)/2
 2127 01f8 1B02     		.2byte	(.L175-.L180)/2
 2128 01fa 1B02     		.2byte	(.L175-.L180)/2
 2129 01fc 1B02     		.2byte	(.L175-.L180)/2
 2130 01fe 1B02     		.2byte	(.L175-.L180)/2
 2131 0200 1B02     		.2byte	(.L175-.L180)/2
ARM GAS  C:\Users\bernd\AppData\Local\Temp\ccLnovA9.s 			page 59


 2132 0202 1B02     		.2byte	(.L175-.L180)/2
 2133 0204 1B02     		.2byte	(.L175-.L180)/2
 2134 0206 1B02     		.2byte	(.L175-.L180)/2
 2135 0208 1B02     		.2byte	(.L175-.L180)/2
 2136 020a 6200     		.2byte	(.L176-.L180)/2
 2137 020c 7701     		.2byte	(.L181-.L180)/2
 2138 020e 6200     		.2byte	(.L176-.L180)/2
 2139 0210 1B02     		.2byte	(.L175-.L180)/2
 2140 0212 5901     		.2byte	(.L179-.L180)/2
 2141              		.p2align 1
 2142              	.L167:
 684:external/printf/printf.c ****         format++;
 2143              		.loc 1 684 9 is_stmt 1 view .LVU580
 684:external/printf/printf.c ****         format++;
 2144              		.loc 1 684 15 is_stmt 0 view .LVU581
 2145 0214 46F48076 		orr	r6, r6, #256
 2146              	.LVL235:
 685:external/printf/printf.c ****         break;
 2147              		.loc 1 685 9 is_stmt 1 view .LVU582
 685:external/printf/printf.c ****         break;
 2148              		.loc 1 685 15 is_stmt 0 view .LVU583
 2149 0218 0132     		adds	r2, r2, #1
 2150 021a 0D92     		str	r2, [sp, #52]
 686:external/printf/printf.c ****       default :
 2151              		.loc 1 686 9 is_stmt 1 view .LVU584
 2152 021c CCE7     		b	.L166
 2153              	.L255:
 692:external/printf/printf.c ****       case 'd' :
 2154              		.loc 1 692 5 is_stmt 0 view .LVU585
 2155 021e 2528     		cmp	r0, #37
 2156 0220 40F0F281 		bne	.L175
 803:external/printf/printf.c ****       }
 804:external/printf/printf.c **** 
 805:external/printf/printf.c ****       case 's' : {
 806:external/printf/printf.c ****         const char* p = va_arg(va, char*);
 807:external/printf/printf.c ****         unsigned int l = _strnlen_s(p, precision ? precision : (size_t)-1);
 808:external/printf/printf.c ****         // pre padding
 809:external/printf/printf.c ****         if (flags & FLAGS_PRECISION) {
 810:external/printf/printf.c ****           l = (l < precision ? l : precision);
 811:external/printf/printf.c ****         }
 812:external/printf/printf.c ****         if (!(flags & FLAGS_LEFT)) {
 813:external/printf/printf.c ****           while (l++ < width) {
 814:external/printf/printf.c ****             out(' ', buffer, idx++, maxlen);
 815:external/printf/printf.c ****           }
 816:external/printf/printf.c ****         }
 817:external/printf/printf.c ****         // string output
 818:external/printf/printf.c ****         while ((*p != 0) && (!(flags & FLAGS_PRECISION) || precision--)) {
 819:external/printf/printf.c ****           out(*(p++), buffer, idx++, maxlen);
 820:external/printf/printf.c ****         }
 821:external/printf/printf.c ****         // post padding
 822:external/printf/printf.c ****         if (flags & FLAGS_LEFT) {
 823:external/printf/printf.c ****           while (l++ < width) {
 824:external/printf/printf.c ****             out(' ', buffer, idx++, maxlen);
 825:external/printf/printf.c ****           }
 826:external/printf/printf.c ****         }
 827:external/printf/printf.c ****         format++;
 828:external/printf/printf.c ****         break;
ARM GAS  C:\Users\bernd\AppData\Local\Temp\ccLnovA9.s 			page 60


 829:external/printf/printf.c ****       }
 830:external/printf/printf.c **** 
 831:external/printf/printf.c ****       case 'p' : {
 832:external/printf/printf.c ****         width = sizeof(void*) * 2U;
 833:external/printf/printf.c ****         flags |= FLAGS_ZEROPAD | FLAGS_UPPERCASE;
 834:external/printf/printf.c **** #if defined(PRINTF_SUPPORT_LONG_LONG)
 835:external/printf/printf.c ****         const bool is_ll = sizeof(uintptr_t) == sizeof(long long);
 836:external/printf/printf.c ****         if (is_ll) {
 837:external/printf/printf.c ****           idx = _ntoa_long_long(out, buffer, idx, maxlen, (uintptr_t)va_arg(va, void*), false, 16U,
 838:external/printf/printf.c ****         }
 839:external/printf/printf.c ****         else {
 840:external/printf/printf.c **** #endif
 841:external/printf/printf.c ****           idx = _ntoa_long(out, buffer, idx, maxlen, (unsigned long)((uintptr_t)va_arg(va, void*)),
 842:external/printf/printf.c **** #if defined(PRINTF_SUPPORT_LONG_LONG)
 843:external/printf/printf.c ****         }
 844:external/printf/printf.c **** #endif
 845:external/printf/printf.c ****         format++;
 846:external/printf/printf.c ****         break;
 847:external/printf/printf.c ****       }
 848:external/printf/printf.c **** 
 849:external/printf/printf.c ****       case '%' :
 850:external/printf/printf.c ****         out('%', buffer, idx++, maxlen);
 2157              		.loc 1 850 9 is_stmt 1 view .LVU586
 2158 0224 6C1C     		adds	r4, r5, #1
 2159              	.LVL236:
 2160              		.loc 1 850 9 is_stmt 0 view .LVU587
 2161 0226 3B46     		mov	r3, r7
 2162 0228 2A46     		mov	r2, r5
 2163 022a 4946     		mov	r1, r9
 2164 022c 2520     		movs	r0, #37
 2165 022e C047     		blx	r8
 2166              	.LVL237:
 851:external/printf/printf.c ****         format++;
 2167              		.loc 1 851 9 is_stmt 1 view .LVU588
 2168              		.loc 1 851 15 is_stmt 0 view .LVU589
 2169 0230 0D9B     		ldr	r3, [sp, #52]
 2170 0232 0133     		adds	r3, r3, #1
 2171 0234 0D93     		str	r3, [sp, #52]
 852:external/printf/printf.c ****         break;
 2172              		.loc 1 852 9 is_stmt 1 view .LVU590
 850:external/printf/printf.c ****         format++;
 2173              		.loc 1 850 9 is_stmt 0 view .LVU591
 2174 0236 2546     		mov	r5, r4
 2175              		.loc 1 852 9 view .LVU592
 2176 0238 EDE6     		b	.L225
 2177              	.LVL238:
 2178              	.L172:
 692:external/printf/printf.c ****       case 'd' :
 2179              		.loc 1 692 5 view .LVU593
 2180 023a 7828     		cmp	r0, #120
 2181 023c 00F2E481 		bhi	.L175
 2182 0240 6928     		cmp	r0, #105
 2183 0242 C0F0E181 		bcc	.L175
 2184 0246 A0F16902 		sub	r2, r0, #105
 2185 024a D2B2     		uxtb	r2, r2
 2186 024c 0123     		movs	r3, #1
 2187 024e 9340     		lsls	r3, r3, r2
ARM GAS  C:\Users\bernd\AppData\Local\Temp\ccLnovA9.s 			page 61


 2188 0250 49F24102 		movw	r2, #36929
 2189 0254 1342     		tst	r3, r2
 2190 0256 1ED1     		bne	.L176
 2191 0258 13F0800F 		tst	r3, #128
 2192 025c 40F0B981 		bne	.L177
 2193 0260 13F4806F 		tst	r3, #1024
 2194 0264 00F0D081 		beq	.L175
 2195              	.LBB39:
 806:external/printf/printf.c ****         unsigned int l = _strnlen_s(p, precision ? precision : (size_t)-1);
 2196              		.loc 1 806 9 is_stmt 1 view .LVU594
 806:external/printf/printf.c ****         unsigned int l = _strnlen_s(p, precision ? precision : (size_t)-1);
 2197              		.loc 1 806 21 is_stmt 0 view .LVU595
 2198 0268 189B     		ldr	r3, [sp, #96]
 2199 026a 1A1D     		adds	r2, r3, #4
 2200 026c 1892     		str	r2, [sp, #96]
 2201 026e D3F800A0 		ldr	r10, [r3]
 807:external/printf/printf.c ****         // pre padding
 2202              		.loc 1 807 9 is_stmt 1 view .LVU596
 807:external/printf/printf.c ****         // pre padding
 2203              		.loc 1 807 26 is_stmt 0 view .LVU597
 2204 0272 0A9B     		ldr	r3, [sp, #40]
 2205 0274 002B     		cmp	r3, #0
 2206 0276 40F05881 		bne	.L210
 807:external/printf/printf.c ****         // pre padding
 2207              		.loc 1 807 26 discriminator 2 view .LVU598
 2208 027a 4FF0FF32 		mov	r2, #-1
 2209              	.L211:
 807:external/printf/printf.c ****         // pre padding
 2210              		.loc 1 807 26 discriminator 1 view .LVU599
 2211 027e 5346     		mov	r3, r10
 2212              	.L212:
 2213              	.LVL239:
 2214              	.LBB40:
 2215              	.LBB41:
 183:external/printf/printf.c ****   return (unsigned int)(s - str);
 2216              		.loc 1 183 20 is_stmt 1 discriminator 1 view .LVU600
 183:external/printf/printf.c ****   return (unsigned int)(s - str);
 2217              		.loc 1 183 17 is_stmt 0 discriminator 1 view .LVU601
 2218 0280 1978     		ldrb	r1, [r3]	@ zero_extendqisi2
 183:external/printf/printf.c ****   return (unsigned int)(s - str);
 2219              		.loc 1 183 20 discriminator 1 view .LVU602
 2220 0282 0029     		cmp	r1, #0
 2221 0284 00F05381 		beq	.L213
 183:external/printf/printf.c ****   return (unsigned int)(s - str);
 2222              		.loc 1 183 30 discriminator 3 view .LVU603
 2223 0288 511E     		subs	r1, r2, #1
 2224              	.LVL240:
 183:external/printf/printf.c ****   return (unsigned int)(s - str);
 2225              		.loc 1 183 20 discriminator 3 view .LVU604
 2226 028a 002A     		cmp	r2, #0
 2227 028c 00F04F81 		beq	.L213
 183:external/printf/printf.c ****   return (unsigned int)(s - str);
 2228              		.loc 1 183 34 is_stmt 1 discriminator 4 view .LVU605
 2229 0290 0133     		adds	r3, r3, #1
 2230              	.LVL241:
 183:external/printf/printf.c ****   return (unsigned int)(s - str);
 2231              		.loc 1 183 30 is_stmt 0 discriminator 3 view .LVU606
ARM GAS  C:\Users\bernd\AppData\Local\Temp\ccLnovA9.s 			page 62


 2232 0292 0A46     		mov	r2, r1
 2233 0294 F4E7     		b	.L212
 2234              	.LVL242:
 2235              	.L176:
 183:external/printf/printf.c ****   return (unsigned int)(s - str);
 2236              		.loc 1 183 30 discriminator 3 view .LVU607
 2237              	.LBE41:
 2238              	.LBE40:
 2239              	.LBE39:
 2240              	.LBB44:
 701:external/printf/printf.c ****         if (*format == 'x' || *format == 'X') {
 2241              		.loc 1 701 9 is_stmt 1 view .LVU608
 702:external/printf/printf.c ****           base = 16U;
 2242              		.loc 1 702 9 view .LVU609
 2243 0296 6F28     		cmp	r0, #111
 2244 0298 3DD0     		beq	.L233
 2245 029a 36D8     		bhi	.L184
 2246 029c 5828     		cmp	r0, #88
 2247 029e 3CD0     		beq	.L234
 2248 02a0 6228     		cmp	r0, #98
 2249 02a2 34D1     		bne	.L185
 2250              	.LBE44:
 666:external/printf/printf.c ****         format++;
 2251              		.loc 1 666 15 is_stmt 0 view .LVU610
 2252 02a4 0223     		movs	r3, #2
 2253              	.L183:
 2254              	.LVL243:
 2255              	.LBB52:
 716:external/printf/printf.c ****           flags |= FLAGS_UPPERCASE;
 2256              		.loc 1 716 9 is_stmt 1 view .LVU611
 716:external/printf/printf.c ****           flags |= FLAGS_UPPERCASE;
 2257              		.loc 1 716 12 is_stmt 0 view .LVU612
 2258 02a6 5828     		cmp	r0, #88
 2259 02a8 3BD0     		beq	.L256
 2260              	.LVL244:
 2261              	.L186:
 721:external/printf/printf.c ****           flags &= ~(FLAGS_PLUS | FLAGS_SPACE);
 2262              		.loc 1 721 9 is_stmt 1 view .LVU613
 721:external/printf/printf.c ****           flags &= ~(FLAGS_PLUS | FLAGS_SPACE);
 2263              		.loc 1 721 12 is_stmt 0 view .LVU614
 2264 02aa 6928     		cmp	r0, #105
 2265 02ac 03D0     		beq	.L187
 721:external/printf/printf.c ****           flags &= ~(FLAGS_PLUS | FLAGS_SPACE);
 2266              		.loc 1 721 30 discriminator 1 view .LVU615
 2267 02ae 6428     		cmp	r0, #100
 2268 02b0 01D0     		beq	.L187
 722:external/printf/printf.c ****         }
 2269              		.loc 1 722 11 is_stmt 1 view .LVU616
 722:external/printf/printf.c ****         }
 2270              		.loc 1 722 17 is_stmt 0 view .LVU617
 2271 02b2 26F00C06 		bic	r6, r6, #12
 2272              	.LVL245:
 2273              	.L187:
 726:external/printf/printf.c ****           flags &= ~FLAGS_ZEROPAD;
 2274              		.loc 1 726 9 is_stmt 1 view .LVU618
 726:external/printf/printf.c ****           flags &= ~FLAGS_ZEROPAD;
 2275              		.loc 1 726 12 is_stmt 0 view .LVU619
ARM GAS  C:\Users\bernd\AppData\Local\Temp\ccLnovA9.s 			page 63


 2276 02b6 16F4806F 		tst	r6, #1024
 2277 02ba 01D0     		beq	.L188
 727:external/printf/printf.c ****         }
 2278              		.loc 1 727 11 is_stmt 1 view .LVU620
 727:external/printf/printf.c ****         }
 2279              		.loc 1 727 17 is_stmt 0 view .LVU621
 2280 02bc 26F00106 		bic	r6, r6, #1
 2281              	.LVL246:
 2282              	.L188:
 731:external/printf/printf.c ****           // signed
 2283              		.loc 1 731 9 is_stmt 1 view .LVU622
 731:external/printf/printf.c ****           // signed
 2284              		.loc 1 731 12 is_stmt 0 view .LVU623
 2285 02c0 6928     		cmp	r0, #105
 2286 02c2 31D0     		beq	.L189
 731:external/printf/printf.c ****           // signed
 2287              		.loc 1 731 30 discriminator 1 view .LVU624
 2288 02c4 6428     		cmp	r0, #100
 2289 02c6 2FD0     		beq	.L189
 750:external/printf/printf.c **** #if defined(PRINTF_SUPPORT_LONG_LONG)
 2290              		.loc 1 750 11 is_stmt 1 view .LVU625
 750:external/printf/printf.c **** #if defined(PRINTF_SUPPORT_LONG_LONG)
 2291              		.loc 1 750 14 is_stmt 0 view .LVU626
 2292 02c8 16F4007F 		tst	r6, #512
 2293 02cc 40F09C80 		bne	.L257
 755:external/printf/printf.c ****             idx = _ntoa_long(out, buffer, idx, maxlen, va_arg(va, unsigned long), false, base, prec
 2294              		.loc 1 755 16 is_stmt 1 view .LVU627
 755:external/printf/printf.c ****             idx = _ntoa_long(out, buffer, idx, maxlen, va_arg(va, unsigned long), false, base, prec
 2295              		.loc 1 755 19 is_stmt 0 view .LVU628
 2296 02d0 16F4807F 		tst	r6, #256
 2297 02d4 40F0B480 		bne	.L258
 2298              	.LBB45:
 759:external/printf/printf.c ****             idx = _ntoa_long(out, buffer, idx, maxlen, value, false, base, precision, width, flags)
 2299              		.loc 1 759 13 is_stmt 1 view .LVU629
 759:external/printf/printf.c ****             idx = _ntoa_long(out, buffer, idx, maxlen, value, false, base, precision, width, flags)
 2300              		.loc 1 759 103 is_stmt 0 view .LVU630
 2301 02d8 16F0400F 		tst	r6, #64
 2302 02dc 00F0C580 		beq	.L200
 759:external/printf/printf.c ****             idx = _ntoa_long(out, buffer, idx, maxlen, value, false, base, precision, width, flags)
 2303              		.loc 1 759 78 discriminator 1 view .LVU631
 2304 02e0 189A     		ldr	r2, [sp, #96]
 2305 02e2 111D     		adds	r1, r2, #4
 2306 02e4 1891     		str	r1, [sp, #96]
 2307 02e6 1278     		ldrb	r2, [r2]	@ zero_extendqisi2
 2308              	.L201:
 2309              	.LVL247:
 760:external/printf/printf.c ****           }
 2310              		.loc 1 760 13 is_stmt 1 view .LVU632
 760:external/printf/printf.c ****           }
 2311              		.loc 1 760 19 is_stmt 0 view .LVU633
 2312 02e8 0596     		str	r6, [sp, #20]
 2313 02ea 0B99     		ldr	r1, [sp, #44]
 2314 02ec 0491     		str	r1, [sp, #16]
 2315 02ee 0A99     		ldr	r1, [sp, #40]
 2316 02f0 0391     		str	r1, [sp, #12]
 2317 02f2 0293     		str	r3, [sp, #8]
 2318 02f4 0023     		movs	r3, #0
ARM GAS  C:\Users\bernd\AppData\Local\Temp\ccLnovA9.s 			page 64


 2319              	.LVL248:
 760:external/printf/printf.c ****           }
 2320              		.loc 1 760 19 view .LVU634
 2321 02f6 0193     		str	r3, [sp, #4]
 2322 02f8 0092     		str	r2, [sp]
 2323 02fa 3B46     		mov	r3, r7
 2324 02fc 2A46     		mov	r2, r5
 2325              	.LVL249:
 760:external/printf/printf.c ****           }
 2326              		.loc 1 760 19 view .LVU635
 2327 02fe 4946     		mov	r1, r9
 2328 0300 4046     		mov	r0, r8
 2329 0302 FFF7FEFF 		bl	_ntoa_long
 2330              	.LVL250:
 760:external/printf/printf.c ****           }
 2331              		.loc 1 760 19 view .LVU636
 2332 0306 0546     		mov	r5, r0
 2333              	.LVL251:
 760:external/printf/printf.c ****           }
 2334              		.loc 1 760 19 view .LVU637
 2335 0308 2FE0     		b	.L193
 2336              	.LVL252:
 2337              	.L184:
 760:external/printf/printf.c ****           }
 2338              		.loc 1 760 19 view .LVU638
 2339 030a 7828     		cmp	r0, #120
 2340 030c 07D0     		beq	.L236
 2341              	.L185:
 2342              	.LBE45:
 712:external/printf/printf.c ****           flags &= ~FLAGS_HASH;   // no hash for dec format
 2343              		.loc 1 712 11 is_stmt 1 view .LVU639
 2344              	.LVL253:
 713:external/printf/printf.c ****         }
 2345              		.loc 1 713 11 view .LVU640
 713:external/printf/printf.c ****         }
 2346              		.loc 1 713 17 is_stmt 0 view .LVU641
 2347 030e 26F01006 		bic	r6, r6, #16
 2348              	.LVL254:
 712:external/printf/printf.c ****           flags &= ~FLAGS_HASH;   // no hash for dec format
 2349              		.loc 1 712 16 view .LVU642
 2350 0312 0A23     		movs	r3, #10
 2351 0314 C7E7     		b	.L183
 2352              	.LVL255:
 2353              	.L233:
 712:external/printf/printf.c ****           flags &= ~FLAGS_HASH;   // no hash for dec format
 2354              		.loc 1 712 16 view .LVU643
 2355              	.LBE52:
 666:external/printf/printf.c ****         format++;
 2356              		.loc 1 666 15 view .LVU644
 2357 0316 0823     		movs	r3, #8
 2358 0318 C5E7     		b	.L183
 2359              	.L234:
 2360              	.LBB53:
 712:external/printf/printf.c ****           flags &= ~FLAGS_HASH;   // no hash for dec format
 2361              		.loc 1 712 16 view .LVU645
 2362 031a 1023     		movs	r3, #16
 2363 031c C3E7     		b	.L183
ARM GAS  C:\Users\bernd\AppData\Local\Temp\ccLnovA9.s 			page 65


 2364              	.L236:
 2365              	.LBE53:
 666:external/printf/printf.c ****         format++;
 2366              		.loc 1 666 15 view .LVU646
 2367 031e 1023     		movs	r3, #16
 2368 0320 C1E7     		b	.L183
 2369              	.LVL256:
 2370              	.L256:
 2371              	.LBB54:
 717:external/printf/printf.c ****         }
 2372              		.loc 1 717 11 is_stmt 1 view .LVU647
 717:external/printf/printf.c ****         }
 2373              		.loc 1 717 17 is_stmt 0 view .LVU648
 2374 0322 46F02006 		orr	r6, r6, #32
 2375              	.LVL257:
 717:external/printf/printf.c ****         }
 2376              		.loc 1 717 17 view .LVU649
 2377 0326 C0E7     		b	.L186
 2378              	.LVL258:
 2379              	.L189:
 733:external/printf/printf.c **** #if defined(PRINTF_SUPPORT_LONG_LONG)
 2380              		.loc 1 733 11 is_stmt 1 view .LVU650
 733:external/printf/printf.c **** #if defined(PRINTF_SUPPORT_LONG_LONG)
 2381              		.loc 1 733 14 is_stmt 0 view .LVU651
 2382 0328 16F4007F 		tst	r6, #512
 2383 032c 21D1     		bne	.L259
 739:external/printf/printf.c ****             const long value = va_arg(va, long);
 2384              		.loc 1 739 16 is_stmt 1 view .LVU652
 739:external/printf/printf.c ****             const long value = va_arg(va, long);
 2385              		.loc 1 739 19 is_stmt 0 view .LVU653
 2386 032e 16F4807F 		tst	r6, #256
 2387 0332 42D1     		bne	.L260
 2388              	.LBB46:
 744:external/printf/printf.c ****             idx = _ntoa_long(out, buffer, idx, maxlen, (unsigned int)(value > 0 ? value : 0 - value
 2389              		.loc 1 744 13 is_stmt 1 view .LVU654
 744:external/printf/printf.c ****             idx = _ntoa_long(out, buffer, idx, maxlen, (unsigned int)(value > 0 ? value : 0 - value
 2390              		.loc 1 744 76 is_stmt 0 view .LVU655
 2391 0334 16F0400F 		tst	r6, #64
 2392 0338 58D0     		beq	.L195
 744:external/printf/printf.c ****             idx = _ntoa_long(out, buffer, idx, maxlen, (unsigned int)(value > 0 ? value : 0 - value
 2393              		.loc 1 744 60 discriminator 1 view .LVU656
 2394 033a 189A     		ldr	r2, [sp, #96]
 2395 033c 111D     		adds	r1, r2, #4
 2396 033e 1891     		str	r1, [sp, #96]
 2397 0340 1278     		ldrb	r2, [r2]	@ zero_extendqisi2
 2398              	.L196:
 2399              	.LVL259:
 745:external/printf/printf.c ****           }
 2400              		.loc 1 745 13 is_stmt 1 view .LVU657
 745:external/printf/printf.c ****           }
 2401              		.loc 1 745 56 is_stmt 0 view .LVU658
 2402 0342 82EAE271 		eor	r1, r2, r2, asr #31
 2403 0346 A1EBE271 		sub	r1, r1, r2, asr #31
 745:external/printf/printf.c ****           }
 2404              		.loc 1 745 19 view .LVU659
 2405 034a 0596     		str	r6, [sp, #20]
 2406 034c 0B98     		ldr	r0, [sp, #44]
ARM GAS  C:\Users\bernd\AppData\Local\Temp\ccLnovA9.s 			page 66


 2407 034e 0490     		str	r0, [sp, #16]
 2408 0350 0A98     		ldr	r0, [sp, #40]
 2409 0352 0390     		str	r0, [sp, #12]
 2410 0354 0293     		str	r3, [sp, #8]
 2411 0356 D20F     		lsrs	r2, r2, #31
 2412              	.LVL260:
 745:external/printf/printf.c ****           }
 2413              		.loc 1 745 19 view .LVU660
 2414 0358 0192     		str	r2, [sp, #4]
 2415 035a 0091     		str	r1, [sp]
 2416 035c 3B46     		mov	r3, r7
 2417              	.LVL261:
 745:external/printf/printf.c ****           }
 2418              		.loc 1 745 19 view .LVU661
 2419 035e 2A46     		mov	r2, r5
 2420 0360 4946     		mov	r1, r9
 2421 0362 4046     		mov	r0, r8
 2422 0364 FFF7FEFF 		bl	_ntoa_long
 2423              	.LVL262:
 745:external/printf/printf.c ****           }
 2424              		.loc 1 745 19 view .LVU662
 2425 0368 0546     		mov	r5, r0
 2426              	.LVL263:
 2427              	.L193:
 745:external/printf/printf.c ****           }
 2428              		.loc 1 745 19 view .LVU663
 2429              	.LBE46:
 763:external/printf/printf.c ****         break;
 2430              		.loc 1 763 9 is_stmt 1 view .LVU664
 763:external/printf/printf.c ****         break;
 2431              		.loc 1 763 15 is_stmt 0 view .LVU665
 2432 036a 0D9B     		ldr	r3, [sp, #52]
 2433 036c 0133     		adds	r3, r3, #1
 2434 036e 0D93     		str	r3, [sp, #52]
 764:external/printf/printf.c ****       }
 2435              		.loc 1 764 9 is_stmt 1 view .LVU666
 2436 0370 51E6     		b	.L225
 2437              	.LVL264:
 2438              	.L259:
 2439              	.LBB47:
 735:external/printf/printf.c ****             idx = _ntoa_long_long(out, buffer, idx, maxlen, (unsigned long long)(value > 0 ? value 
 2440              		.loc 1 735 13 view .LVU667
 735:external/printf/printf.c ****             idx = _ntoa_long_long(out, buffer, idx, maxlen, (unsigned long long)(value > 0 ? value 
 2441              		.loc 1 735 29 is_stmt 0 view .LVU668
 2442 0372 189A     		ldr	r2, [sp, #96]
 2443 0374 0732     		adds	r2, r2, #7
 2444 0376 22F00702 		bic	r2, r2, #7
 2445 037a 02F10801 		add	r1, r2, #8
 2446 037e 1891     		str	r1, [sp, #96]
 2447 0380 5168     		ldr	r1, [r2, #4]
 736:external/printf/printf.c **** #endif
 2448              		.loc 1 736 13 is_stmt 1 view .LVU669
 736:external/printf/printf.c **** #endif
 2449              		.loc 1 736 61 is_stmt 0 view .LVU670
 2450 0382 1268     		ldr	r2, [r2]
 2451 0384 0846     		mov	r0, r1
 2452 0386 0029     		cmp	r1, #0
ARM GAS  C:\Users\bernd\AppData\Local\Temp\ccLnovA9.s 			page 67


 2453 0388 13DB     		blt	.L261
 2454              	.L192:
 736:external/printf/printf.c **** #endif
 2455              		.loc 1 736 19 view .LVU671
 2456 038a 0896     		str	r6, [sp, #32]
 2457 038c 0B9C     		ldr	r4, [sp, #44]
 2458 038e 0794     		str	r4, [sp, #28]
 2459 0390 0A9C     		ldr	r4, [sp, #40]
 2460 0392 0694     		str	r4, [sp, #24]
 2461 0394 0493     		str	r3, [sp, #16]
 2462 0396 0023     		movs	r3, #0
 2463              	.LVL265:
 736:external/printf/printf.c **** #endif
 2464              		.loc 1 736 19 view .LVU672
 2465 0398 0593     		str	r3, [sp, #20]
 2466 039a C90F     		lsrs	r1, r1, #31
 2467 039c 0291     		str	r1, [sp, #8]
 2468 039e 0092     		str	r2, [sp]
 2469 03a0 0190     		str	r0, [sp, #4]
 2470 03a2 3B46     		mov	r3, r7
 2471 03a4 2A46     		mov	r2, r5
 2472 03a6 4946     		mov	r1, r9
 2473 03a8 4046     		mov	r0, r8
 2474 03aa FFF7FEFF 		bl	_ntoa_long_long
 2475              	.LVL266:
 736:external/printf/printf.c **** #endif
 2476              		.loc 1 736 19 view .LVU673
 2477 03ae 0546     		mov	r5, r0
 2478              	.LVL267:
 736:external/printf/printf.c **** #endif
 2479              		.loc 1 736 19 view .LVU674
 2480              	.LBE47:
 2481 03b0 DBE7     		b	.L193
 2482              	.LVL268:
 2483              	.L261:
 2484              	.LBB48:
 736:external/printf/printf.c **** #endif
 2485              		.loc 1 736 61 view .LVU675
 2486 03b2 5242     		negs	r2, r2
 2487 03b4 61EB4100 		sbc	r0, r1, r1, lsl #1
 2488 03b8 E7E7     		b	.L192
 2489              	.L260:
 2490              	.LBE48:
 2491              	.LBB49:
 740:external/printf/printf.c ****             idx = _ntoa_long(out, buffer, idx, maxlen, (unsigned long)(value > 0 ? value : 0 - valu
 2492              		.loc 1 740 13 is_stmt 1 view .LVU676
 740:external/printf/printf.c ****             idx = _ntoa_long(out, buffer, idx, maxlen, (unsigned long)(value > 0 ? value : 0 - valu
 2493              		.loc 1 740 24 is_stmt 0 view .LVU677
 2494 03ba 189A     		ldr	r2, [sp, #96]
 2495 03bc 111D     		adds	r1, r2, #4
 2496 03be 1891     		str	r1, [sp, #96]
 2497 03c0 1268     		ldr	r2, [r2]
 741:external/printf/printf.c ****           }
 2498              		.loc 1 741 13 is_stmt 1 view .LVU678
 741:external/printf/printf.c ****           }
 2499              		.loc 1 741 56 is_stmt 0 view .LVU679
 2500 03c2 82EAE271 		eor	r1, r2, r2, asr #31
ARM GAS  C:\Users\bernd\AppData\Local\Temp\ccLnovA9.s 			page 68


 2501 03c6 A1EBE271 		sub	r1, r1, r2, asr #31
 741:external/printf/printf.c ****           }
 2502              		.loc 1 741 19 view .LVU680
 2503 03ca 0596     		str	r6, [sp, #20]
 2504 03cc 0B98     		ldr	r0, [sp, #44]
 2505 03ce 0490     		str	r0, [sp, #16]
 2506 03d0 0A98     		ldr	r0, [sp, #40]
 2507 03d2 0390     		str	r0, [sp, #12]
 2508 03d4 0293     		str	r3, [sp, #8]
 2509 03d6 D20F     		lsrs	r2, r2, #31
 2510 03d8 0192     		str	r2, [sp, #4]
 2511 03da 0091     		str	r1, [sp]
 2512 03dc 3B46     		mov	r3, r7
 2513              	.LVL269:
 741:external/printf/printf.c ****           }
 2514              		.loc 1 741 19 view .LVU681
 2515 03de 2A46     		mov	r2, r5
 2516 03e0 4946     		mov	r1, r9
 2517 03e2 4046     		mov	r0, r8
 2518 03e4 FFF7FEFF 		bl	_ntoa_long
 2519              	.LVL270:
 741:external/printf/printf.c ****           }
 2520              		.loc 1 741 19 view .LVU682
 2521 03e8 0546     		mov	r5, r0
 2522              	.LVL271:
 741:external/printf/printf.c ****           }
 2523              		.loc 1 741 19 view .LVU683
 2524              	.LBE49:
 2525 03ea BEE7     		b	.L193
 2526              	.LVL272:
 2527              	.L195:
 2528              	.LBB50:
 744:external/printf/printf.c ****             idx = _ntoa_long(out, buffer, idx, maxlen, (unsigned int)(value > 0 ? value : 0 - value
 2529              		.loc 1 744 129 discriminator 2 view .LVU684
 2530 03ec 16F0800F 		tst	r6, #128
 2531 03f0 05D0     		beq	.L197
 744:external/printf/printf.c ****             idx = _ntoa_long(out, buffer, idx, maxlen, (unsigned int)(value > 0 ? value : 0 - value
 2532              		.loc 1 744 113 discriminator 4 view .LVU685
 2533 03f2 189A     		ldr	r2, [sp, #96]
 2534 03f4 111D     		adds	r1, r2, #4
 2535 03f6 1891     		str	r1, [sp, #96]
 744:external/printf/printf.c ****             idx = _ntoa_long(out, buffer, idx, maxlen, (unsigned int)(value > 0 ? value : 0 - value
 2536              		.loc 1 744 102 discriminator 1 view .LVU686
 2537 03f8 B2F90020 		ldrsh	r2, [r2]
 2538 03fc A1E7     		b	.L196
 2539              	.L197:
 744:external/printf/printf.c ****             idx = _ntoa_long(out, buffer, idx, maxlen, (unsigned int)(value > 0 ? value : 0 - value
 2540              		.loc 1 744 129 discriminator 5 view .LVU687
 2541 03fe 189A     		ldr	r2, [sp, #96]
 2542 0400 111D     		adds	r1, r2, #4
 2543 0402 1891     		str	r1, [sp, #96]
 2544 0404 1268     		ldr	r2, [r2]
 2545 0406 9CE7     		b	.L196
 2546              	.L257:
 744:external/printf/printf.c ****             idx = _ntoa_long(out, buffer, idx, maxlen, (unsigned int)(value > 0 ? value : 0 - value
 2547              		.loc 1 744 129 discriminator 5 view .LVU688
 2548              	.LBE50:
ARM GAS  C:\Users\bernd\AppData\Local\Temp\ccLnovA9.s 			page 69


 752:external/printf/printf.c **** #endif
 2549              		.loc 1 752 13 is_stmt 1 view .LVU689
 752:external/printf/printf.c **** #endif
 2550              		.loc 1 752 19 is_stmt 0 view .LVU690
 2551 0408 189A     		ldr	r2, [sp, #96]
 2552 040a 0732     		adds	r2, r2, #7
 2553 040c 22F00702 		bic	r2, r2, #7
 2554 0410 02F10801 		add	r1, r2, #8
 2555 0414 1891     		str	r1, [sp, #96]
 752:external/printf/printf.c **** #endif
 2556              		.loc 1 752 19 discriminator 1 view .LVU691
 2557 0416 0896     		str	r6, [sp, #32]
 2558 0418 0B99     		ldr	r1, [sp, #44]
 2559 041a 0791     		str	r1, [sp, #28]
 2560 041c 0A99     		ldr	r1, [sp, #40]
 2561 041e 0691     		str	r1, [sp, #24]
 2562 0420 0021     		movs	r1, #0
 2563 0422 0493     		str	r3, [sp, #16]
 2564 0424 0591     		str	r1, [sp, #20]
 2565 0426 0291     		str	r1, [sp, #8]
 2566 0428 D2E90023 		ldrd	r2, [r2]
 2567 042c CDE90023 		strd	r2, [sp]
 2568 0430 3B46     		mov	r3, r7
 2569              	.LVL273:
 752:external/printf/printf.c **** #endif
 2570              		.loc 1 752 19 discriminator 1 view .LVU692
 2571 0432 2A46     		mov	r2, r5
 2572 0434 4946     		mov	r1, r9
 2573 0436 4046     		mov	r0, r8
 2574 0438 FFF7FEFF 		bl	_ntoa_long_long
 2575              	.LVL274:
 752:external/printf/printf.c **** #endif
 2576              		.loc 1 752 19 discriminator 1 view .LVU693
 2577 043c 0546     		mov	r5, r0
 2578              	.LVL275:
 752:external/printf/printf.c **** #endif
 2579              		.loc 1 752 19 discriminator 1 view .LVU694
 2580 043e 94E7     		b	.L193
 2581              	.LVL276:
 2582              	.L258:
 756:external/printf/printf.c ****           }
 2583              		.loc 1 756 13 is_stmt 1 view .LVU695
 756:external/printf/printf.c ****           }
 2584              		.loc 1 756 19 is_stmt 0 view .LVU696
 2585 0440 189A     		ldr	r2, [sp, #96]
 2586 0442 111D     		adds	r1, r2, #4
 2587 0444 1891     		str	r1, [sp, #96]
 756:external/printf/printf.c ****           }
 2588              		.loc 1 756 19 discriminator 1 view .LVU697
 2589 0446 0596     		str	r6, [sp, #20]
 2590 0448 0B99     		ldr	r1, [sp, #44]
 2591 044a 0491     		str	r1, [sp, #16]
 2592 044c 0A99     		ldr	r1, [sp, #40]
 2593 044e 0391     		str	r1, [sp, #12]
 2594 0450 0293     		str	r3, [sp, #8]
 2595 0452 0023     		movs	r3, #0
 2596              	.LVL277:
ARM GAS  C:\Users\bernd\AppData\Local\Temp\ccLnovA9.s 			page 70


 756:external/printf/printf.c ****           }
 2597              		.loc 1 756 19 discriminator 1 view .LVU698
 2598 0454 0193     		str	r3, [sp, #4]
 2599 0456 1368     		ldr	r3, [r2]
 2600 0458 0093     		str	r3, [sp]
 2601 045a 3B46     		mov	r3, r7
 2602 045c 2A46     		mov	r2, r5
 2603 045e 4946     		mov	r1, r9
 2604 0460 4046     		mov	r0, r8
 2605 0462 FFF7FEFF 		bl	_ntoa_long
 2606              	.LVL278:
 756:external/printf/printf.c ****           }
 2607              		.loc 1 756 19 discriminator 1 view .LVU699
 2608 0466 0546     		mov	r5, r0
 2609              	.LVL279:
 756:external/printf/printf.c ****           }
 2610              		.loc 1 756 19 discriminator 1 view .LVU700
 2611 0468 7FE7     		b	.L193
 2612              	.LVL280:
 2613              	.L200:
 2614              	.LBB51:
 759:external/printf/printf.c ****             idx = _ntoa_long(out, buffer, idx, maxlen, value, false, base, precision, width, flags)
 2615              		.loc 1 759 174 discriminator 2 view .LVU701
 2616 046a 16F0800F 		tst	r6, #128
 2617 046e 04D0     		beq	.L202
 759:external/printf/printf.c ****             idx = _ntoa_long(out, buffer, idx, maxlen, value, false, base, precision, width, flags)
 2618              		.loc 1 759 149 discriminator 4 view .LVU702
 2619 0470 189A     		ldr	r2, [sp, #96]
 2620 0472 111D     		adds	r1, r2, #4
 2621 0474 1891     		str	r1, [sp, #96]
 2622 0476 1288     		ldrh	r2, [r2]
 2623 0478 36E7     		b	.L201
 2624              	.L202:
 759:external/printf/printf.c ****             idx = _ntoa_long(out, buffer, idx, maxlen, value, false, base, precision, width, flags)
 2625              		.loc 1 759 174 discriminator 5 view .LVU703
 2626 047a 189A     		ldr	r2, [sp, #96]
 2627 047c 111D     		adds	r1, r2, #4
 2628 047e 1891     		str	r1, [sp, #96]
 2629 0480 1268     		ldr	r2, [r2]
 2630 0482 31E7     		b	.L201
 2631              	.LVL281:
 2632              	.L179:
 759:external/printf/printf.c ****             idx = _ntoa_long(out, buffer, idx, maxlen, value, false, base, precision, width, flags)
 2633              		.loc 1 759 174 discriminator 5 view .LVU704
 2634              	.LBE51:
 2635              	.LBE54:
 769:external/printf/printf.c ****         idx = _ftoa(out, buffer, idx, maxlen, va_arg(va, double), precision, width, flags);
 2636              		.loc 1 769 9 is_stmt 1 view .LVU705
 769:external/printf/printf.c ****         idx = _ftoa(out, buffer, idx, maxlen, va_arg(va, double), precision, width, flags);
 2637              		.loc 1 769 12 is_stmt 0 view .LVU706
 2638 0484 4628     		cmp	r0, #70
 2639 0486 18D0     		beq	.L262
 2640              	.LVL282:
 2641              	.L203:
 770:external/printf/printf.c ****         format++;
 2642              		.loc 1 770 9 is_stmt 1 view .LVU707
 770:external/printf/printf.c ****         format++;
ARM GAS  C:\Users\bernd\AppData\Local\Temp\ccLnovA9.s 			page 71


 2643              		.loc 1 770 15 is_stmt 0 view .LVU708
 2644 0488 189B     		ldr	r3, [sp, #96]
 2645 048a 0733     		adds	r3, r3, #7
 2646 048c 23F00703 		bic	r3, r3, #7
 2647 0490 03F10802 		add	r2, r3, #8
 2648 0494 1892     		str	r2, [sp, #96]
 770:external/printf/printf.c ****         format++;
 2649              		.loc 1 770 15 discriminator 1 view .LVU709
 2650 0496 93ED000B 		vldr.64	d0, [r3]
 2651 049a 0296     		str	r6, [sp, #8]
 2652 049c 0B9B     		ldr	r3, [sp, #44]
 2653 049e 0193     		str	r3, [sp, #4]
 2654 04a0 0A9B     		ldr	r3, [sp, #40]
 2655 04a2 0093     		str	r3, [sp]
 2656 04a4 3B46     		mov	r3, r7
 2657 04a6 2A46     		mov	r2, r5
 2658 04a8 4946     		mov	r1, r9
 2659 04aa 4046     		mov	r0, r8
 2660 04ac FFF7FEFF 		bl	_ftoa
 2661              	.LVL283:
 2662 04b0 0546     		mov	r5, r0
 2663              	.LVL284:
 771:external/printf/printf.c ****         break;
 2664              		.loc 1 771 9 is_stmt 1 view .LVU710
 771:external/printf/printf.c ****         break;
 2665              		.loc 1 771 15 is_stmt 0 view .LVU711
 2666 04b2 0D9B     		ldr	r3, [sp, #52]
 2667 04b4 0133     		adds	r3, r3, #1
 2668 04b6 0D93     		str	r3, [sp, #52]
 772:external/printf/printf.c **** #if defined(PRINTF_SUPPORT_EXPONENTIAL)
 2669              		.loc 1 772 9 is_stmt 1 view .LVU712
 2670 04b8 ADE5     		b	.L225
 2671              	.LVL285:
 2672              	.L262:
 769:external/printf/printf.c ****         idx = _ftoa(out, buffer, idx, maxlen, va_arg(va, double), precision, width, flags);
 2673              		.loc 1 769 29 discriminator 1 view .LVU713
 769:external/printf/printf.c ****         idx = _ftoa(out, buffer, idx, maxlen, va_arg(va, double), precision, width, flags);
 2674              		.loc 1 769 35 is_stmt 0 discriminator 1 view .LVU714
 2675 04ba 46F02006 		orr	r6, r6, #32
 2676              	.LVL286:
 769:external/printf/printf.c ****         idx = _ftoa(out, buffer, idx, maxlen, va_arg(va, double), precision, width, flags);
 2677              		.loc 1 769 35 discriminator 1 view .LVU715
 2678 04be E3E7     		b	.L203
 2679              	.LVL287:
 2680              	.L181:
 2681              	.LBB55:
 786:external/printf/printf.c ****         // pre padding
 2682              		.loc 1 786 9 is_stmt 1 view .LVU716
 788:external/printf/printf.c ****           while (l++ < width) {
 2683              		.loc 1 788 9 view .LVU717
 788:external/printf/printf.c ****           while (l++ < width) {
 2684              		.loc 1 788 12 is_stmt 0 view .LVU718
 2685 04c0 16F00206 		ands	r6, r6, #2
 2686              	.LVL288:
 788:external/printf/printf.c ****           while (l++ < width) {
 2687              		.loc 1 788 12 view .LVU719
 2688 04c4 10D0     		beq	.L237
ARM GAS  C:\Users\bernd\AppData\Local\Temp\ccLnovA9.s 			page 72


 786:external/printf/printf.c ****         // pre padding
 2689              		.loc 1 786 22 view .LVU720
 2690 04c6 0124     		movs	r4, #1
 2691              	.LVL289:
 2692              	.L205:
 794:external/printf/printf.c ****         // post padding
 2693              		.loc 1 794 9 is_stmt 1 view .LVU721
 794:external/printf/printf.c ****         // post padding
 2694              		.loc 1 794 19 is_stmt 0 view .LVU722
 2695 04c8 1898     		ldr	r0, [sp, #96]
 2696 04ca 031D     		adds	r3, r0, #4
 2697 04cc 1893     		str	r3, [sp, #96]
 794:external/printf/printf.c ****         // post padding
 2698              		.loc 1 794 9 discriminator 1 view .LVU723
 2699 04ce 05F1010A 		add	r10, r5, #1
 2700              	.LVL290:
 794:external/printf/printf.c ****         // post padding
 2701              		.loc 1 794 9 discriminator 1 view .LVU724
 2702 04d2 3B46     		mov	r3, r7
 2703 04d4 2A46     		mov	r2, r5
 2704 04d6 4946     		mov	r1, r9
 2705 04d8 0078     		ldrb	r0, [r0]	@ zero_extendqisi2
 2706 04da C047     		blx	r8
 2707              	.LVL291:
 796:external/printf/printf.c ****           while (l++ < width) {
 2708              		.loc 1 796 9 is_stmt 1 view .LVU725
 796:external/printf/printf.c ****           while (l++ < width) {
 2709              		.loc 1 796 12 is_stmt 0 view .LVU726
 2710 04dc AEB9     		cbnz	r6, .L263
 2711              	.LVL292:
 2712              	.L208:
 801:external/printf/printf.c ****         break;
 2713              		.loc 1 801 9 is_stmt 1 view .LVU727
 801:external/printf/printf.c ****         break;
 2714              		.loc 1 801 15 is_stmt 0 view .LVU728
 2715 04de 0D9B     		ldr	r3, [sp, #52]
 2716 04e0 0133     		adds	r3, r3, #1
 2717 04e2 0D93     		str	r3, [sp, #52]
 802:external/printf/printf.c ****       }
 2718              		.loc 1 802 9 is_stmt 1 view .LVU729
 2719 04e4 5546     		mov	r5, r10
 2720 04e6 96E5     		b	.L225
 2721              	.LVL293:
 2722              	.L237:
 786:external/printf/printf.c ****         // pre padding
 2723              		.loc 1 786 22 is_stmt 0 view .LVU730
 2724 04e8 0123     		movs	r3, #1
 2725 04ea DDF82CA0 		ldr	r10, [sp, #44]
 2726 04ee 2A46     		mov	r2, r5
 2727              	.LVL294:
 2728              	.L204:
 789:external/printf/printf.c ****             out(' ', buffer, idx++, maxlen);
 2729              		.loc 1 789 22 is_stmt 1 view .LVU731
 789:external/printf/printf.c ****             out(' ', buffer, idx++, maxlen);
 2730              		.loc 1 789 19 is_stmt 0 view .LVU732
 2731 04f0 5C1C     		adds	r4, r3, #1
 2732              	.LVL295:
ARM GAS  C:\Users\bernd\AppData\Local\Temp\ccLnovA9.s 			page 73


 789:external/printf/printf.c ****             out(' ', buffer, idx++, maxlen);
 2733              		.loc 1 789 22 view .LVU733
 2734 04f2 9A45     		cmp	r10, r3
 2735 04f4 07D9     		bls	.L264
 790:external/printf/printf.c ****           }
 2736              		.loc 1 790 13 is_stmt 1 view .LVU734
 2737 04f6 551C     		adds	r5, r2, #1
 2738              	.LVL296:
 790:external/printf/printf.c ****           }
 2739              		.loc 1 790 13 is_stmt 0 view .LVU735
 2740 04f8 3B46     		mov	r3, r7
 2741 04fa 4946     		mov	r1, r9
 2742 04fc 2020     		movs	r0, #32
 2743 04fe C047     		blx	r8
 2744              	.LVL297:
 789:external/printf/printf.c ****             out(' ', buffer, idx++, maxlen);
 2745              		.loc 1 789 19 view .LVU736
 2746 0500 2346     		mov	r3, r4
 790:external/printf/printf.c ****           }
 2747              		.loc 1 790 13 view .LVU737
 2748 0502 2A46     		mov	r2, r5
 2749 0504 F4E7     		b	.L204
 2750              	.LVL298:
 2751              	.L264:
 790:external/printf/printf.c ****           }
 2752              		.loc 1 790 13 view .LVU738
 2753 0506 1546     		mov	r5, r2
 2754 0508 DEE7     		b	.L205
 2755              	.LVL299:
 2756              	.L263:
 790:external/printf/printf.c ****           }
 2757              		.loc 1 790 13 view .LVU739
 2758 050a 5246     		mov	r2, r10
 2759 050c DDF82CA0 		ldr	r10, [sp, #44]
 2760              	.LVL300:
 2761              	.L207:
 797:external/printf/printf.c ****             out(' ', buffer, idx++, maxlen);
 2762              		.loc 1 797 22 is_stmt 1 view .LVU740
 797:external/printf/printf.c ****             out(' ', buffer, idx++, maxlen);
 2763              		.loc 1 797 19 is_stmt 0 view .LVU741
 2764 0510 651C     		adds	r5, r4, #1
 2765              	.LVL301:
 797:external/printf/printf.c ****             out(' ', buffer, idx++, maxlen);
 2766              		.loc 1 797 22 view .LVU742
 2767 0512 A245     		cmp	r10, r4
 2768 0514 07D9     		bls	.L265
 798:external/printf/printf.c ****           }
 2769              		.loc 1 798 13 is_stmt 1 view .LVU743
 2770 0516 561C     		adds	r6, r2, #1
 2771              	.LVL302:
 798:external/printf/printf.c ****           }
 2772              		.loc 1 798 13 is_stmt 0 view .LVU744
 2773 0518 3B46     		mov	r3, r7
 2774 051a 4946     		mov	r1, r9
 2775 051c 2020     		movs	r0, #32
 2776 051e C047     		blx	r8
 2777              	.LVL303:
ARM GAS  C:\Users\bernd\AppData\Local\Temp\ccLnovA9.s 			page 74


 797:external/printf/printf.c ****             out(' ', buffer, idx++, maxlen);
 2778              		.loc 1 797 19 view .LVU745
 2779 0520 2C46     		mov	r4, r5
 798:external/printf/printf.c ****           }
 2780              		.loc 1 798 13 view .LVU746
 2781 0522 3246     		mov	r2, r6
 2782 0524 F4E7     		b	.L207
 2783              	.LVL304:
 2784              	.L265:
 798:external/printf/printf.c ****           }
 2785              		.loc 1 798 13 view .LVU747
 2786 0526 9246     		mov	r10, r2
 2787 0528 D9E7     		b	.L208
 2788              	.LVL305:
 2789              	.L210:
 798:external/printf/printf.c ****           }
 2790              		.loc 1 798 13 view .LVU748
 2791              	.LBE55:
 2792              	.LBB56:
 807:external/printf/printf.c ****         // pre padding
 2793              		.loc 1 807 26 discriminator 1 view .LVU749
 2794 052a 0A9A     		ldr	r2, [sp, #40]
 2795 052c A7E6     		b	.L211
 2796              	.LVL306:
 2797              	.L213:
 2798              	.LBB43:
 2799              	.LBB42:
 184:external/printf/printf.c **** }
 2800              		.loc 1 184 3 is_stmt 1 view .LVU750
 184:external/printf/printf.c **** }
 2801              		.loc 1 184 27 is_stmt 0 view .LVU751
 2802 052e A3EB0A03 		sub	r3, r3, r10
 2803              	.LVL307:
 184:external/printf/printf.c **** }
 2804              		.loc 1 184 27 view .LVU752
 2805              	.LBE42:
 2806              	.LBE43:
 809:external/printf/printf.c ****           l = (l < precision ? l : precision);
 2807              		.loc 1 809 9 is_stmt 1 view .LVU753
 809:external/printf/printf.c ****           l = (l < precision ? l : precision);
 2808              		.loc 1 809 12 is_stmt 0 view .LVU754
 2809 0532 16F4806B 		ands	fp, r6, #1024
 2810 0536 03D0     		beq	.L215
 810:external/printf/printf.c ****         }
 2811              		.loc 1 810 11 is_stmt 1 view .LVU755
 810:external/printf/printf.c ****         }
 2812              		.loc 1 810 13 is_stmt 0 view .LVU756
 2813 0538 0A9A     		ldr	r2, [sp, #40]
 2814 053a 9342     		cmp	r3, r2
 2815 053c 28BF     		it	cs
 2816 053e 1346     		movcs	r3, r2
 2817              	.LVL308:
 2818              	.L215:
 812:external/printf/printf.c ****           while (l++ < width) {
 2819              		.loc 1 812 9 is_stmt 1 view .LVU757
 812:external/printf/printf.c ****           while (l++ < width) {
 2820              		.loc 1 812 12 is_stmt 0 view .LVU758
ARM GAS  C:\Users\bernd\AppData\Local\Temp\ccLnovA9.s 			page 75


 2821 0540 16F00204 		ands	r4, r6, #2
 2822 0544 05D0     		beq	.L266
 2823 0546 0C94     		str	r4, [sp, #48]
 2824 0548 0A9E     		ldr	r6, [sp, #40]
 2825              	.LVL309:
 812:external/printf/printf.c ****           while (l++ < width) {
 2826              		.loc 1 812 12 view .LVU759
 2827 054a 2A46     		mov	r2, r5
 2828 054c 5D46     		mov	r5, fp
 2829              	.LVL310:
 812:external/printf/printf.c ****           while (l++ < width) {
 2830              		.loc 1 812 12 view .LVU760
 2831 054e 9B46     		mov	fp, r3
 2832 0550 21E0     		b	.L219
 2833              	.LVL311:
 2834              	.L266:
 812:external/printf/printf.c ****           while (l++ < width) {
 2835              		.loc 1 812 12 view .LVU761
 2836 0552 CDF830B0 		str	fp, [sp, #48]
 2837 0556 2A46     		mov	r2, r5
 2838 0558 2546     		mov	r5, r4
 2839              	.LVL312:
 812:external/printf/printf.c ****           while (l++ < width) {
 2840              		.loc 1 812 12 view .LVU762
 2841 055a 0B9C     		ldr	r4, [sp, #44]
 2842 055c 07E0     		b	.L216
 2843              	.LVL313:
 2844              	.L218:
 814:external/printf/printf.c ****           }
 2845              		.loc 1 814 13 is_stmt 1 view .LVU763
 2846 055e 02F1010B 		add	fp, r2, #1
 2847              	.LVL314:
 814:external/printf/printf.c ****           }
 2848              		.loc 1 814 13 is_stmt 0 view .LVU764
 2849 0562 3B46     		mov	r3, r7
 2850 0564 4946     		mov	r1, r9
 2851 0566 2020     		movs	r0, #32
 2852 0568 C047     		blx	r8
 2853              	.LVL315:
 813:external/printf/printf.c ****             out(' ', buffer, idx++, maxlen);
 2854              		.loc 1 813 19 view .LVU765
 2855 056a 3346     		mov	r3, r6
 814:external/printf/printf.c ****           }
 2856              		.loc 1 814 13 view .LVU766
 2857 056c 5A46     		mov	r2, fp
 2858              	.LVL316:
 2859              	.L216:
 813:external/printf/printf.c ****             out(' ', buffer, idx++, maxlen);
 2860              		.loc 1 813 22 is_stmt 1 view .LVU767
 813:external/printf/printf.c ****             out(' ', buffer, idx++, maxlen);
 2861              		.loc 1 813 19 is_stmt 0 view .LVU768
 2862 056e 5E1C     		adds	r6, r3, #1
 2863              	.LVL317:
 813:external/printf/printf.c ****             out(' ', buffer, idx++, maxlen);
 2864              		.loc 1 813 22 view .LVU769
 2865 0570 9C42     		cmp	r4, r3
 2866 0572 F4D8     		bhi	.L218
ARM GAS  C:\Users\bernd\AppData\Local\Temp\ccLnovA9.s 			page 76


 813:external/printf/printf.c ****             out(' ', buffer, idx++, maxlen);
 2867              		.loc 1 813 19 view .LVU770
 2868 0574 DDF830B0 		ldr	fp, [sp, #48]
 2869 0578 2C46     		mov	r4, r5
 2870 057a 3346     		mov	r3, r6
 2871 057c 0C94     		str	r4, [sp, #48]
 2872 057e 0A9E     		ldr	r6, [sp, #40]
 2873              	.LVL318:
 813:external/printf/printf.c ****             out(' ', buffer, idx++, maxlen);
 2874              		.loc 1 813 19 view .LVU771
 2875 0580 5D46     		mov	r5, fp
 2876 0582 9B46     		mov	fp, r3
 2877 0584 07E0     		b	.L219
 2878              	.LVL319:
 2879              	.L238:
 818:external/printf/printf.c ****           out(*(p++), buffer, idx++, maxlen);
 2880              		.loc 1 818 69 discriminator 2 view .LVU772
 2881 0586 1E46     		mov	r6, r3
 2882              	.LVL320:
 2883              	.L221:
 819:external/printf/printf.c ****         }
 2884              		.loc 1 819 11 is_stmt 1 view .LVU773
 819:external/printf/printf.c ****         }
 2885              		.loc 1 819 18 is_stmt 0 view .LVU774
 2886 0588 0AF1010A 		add	r10, r10, #1
 2887              	.LVL321:
 819:external/printf/printf.c ****         }
 2888              		.loc 1 819 11 view .LVU775
 2889 058c 541C     		adds	r4, r2, #1
 2890              	.LVL322:
 819:external/printf/printf.c ****         }
 2891              		.loc 1 819 11 view .LVU776
 2892 058e 3B46     		mov	r3, r7
 2893 0590 4946     		mov	r1, r9
 2894 0592 C047     		blx	r8
 2895              	.LVL323:
 2896 0594 2246     		mov	r2, r4
 2897              	.LVL324:
 2898              	.L219:
 818:external/printf/printf.c ****           out(*(p++), buffer, idx++, maxlen);
 2899              		.loc 1 818 26 is_stmt 1 view .LVU777
 818:external/printf/printf.c ****           out(*(p++), buffer, idx++, maxlen);
 2900              		.loc 1 818 17 is_stmt 0 view .LVU778
 2901 0596 9AF80000 		ldrb	r0, [r10]	@ zero_extendqisi2
 818:external/printf/printf.c ****           out(*(p++), buffer, idx++, maxlen);
 2902              		.loc 1 818 26 view .LVU779
 2903 059a 20B1     		cbz	r0, .L220
 818:external/printf/printf.c ****           out(*(p++), buffer, idx++, maxlen);
 2904              		.loc 1 818 26 discriminator 1 view .LVU780
 2905 059c 002D     		cmp	r5, #0
 2906 059e F3D0     		beq	.L221
 818:external/printf/printf.c ****           out(*(p++), buffer, idx++, maxlen);
 2907              		.loc 1 818 69 discriminator 2 view .LVU781
 2908 05a0 731E     		subs	r3, r6, #1
 2909              	.LVL325:
 818:external/printf/printf.c ****           out(*(p++), buffer, idx++, maxlen);
 2910              		.loc 1 818 57 discriminator 2 view .LVU782
ARM GAS  C:\Users\bernd\AppData\Local\Temp\ccLnovA9.s 			page 77


 2911 05a2 002E     		cmp	r6, #0
 2912 05a4 EFD1     		bne	.L238
 2913              	.LVL326:
 2914              	.L220:
 822:external/printf/printf.c ****           while (l++ < width) {
 2915              		.loc 1 822 12 view .LVU783
 2916 05a6 0C9C     		ldr	r4, [sp, #48]
 2917 05a8 1546     		mov	r5, r2
 2918 05aa 5B46     		mov	r3, fp
 822:external/printf/printf.c ****           while (l++ < width) {
 2919              		.loc 1 822 9 is_stmt 1 view .LVU784
 822:external/printf/printf.c ****           while (l++ < width) {
 2920              		.loc 1 822 12 is_stmt 0 view .LVU785
 2921 05ac 1CB9     		cbnz	r4, .L267
 2922              	.LVL327:
 2923              	.L223:
 827:external/printf/printf.c ****         break;
 2924              		.loc 1 827 9 is_stmt 1 view .LVU786
 827:external/printf/printf.c ****         break;
 2925              		.loc 1 827 15 is_stmt 0 view .LVU787
 2926 05ae 0D9B     		ldr	r3, [sp, #52]
 2927 05b0 0133     		adds	r3, r3, #1
 2928 05b2 0D93     		str	r3, [sp, #52]
 828:external/printf/printf.c ****       }
 2929              		.loc 1 828 9 is_stmt 1 view .LVU788
 2930 05b4 2FE5     		b	.L225
 2931              	.LVL328:
 2932              	.L267:
 828:external/printf/printf.c ****       }
 2933              		.loc 1 828 9 is_stmt 0 view .LVU789
 2934 05b6 0B9E     		ldr	r6, [sp, #44]
 2935 05b8 06E0     		b	.L222
 2936              	.LVL329:
 2937              	.L224:
 824:external/printf/printf.c ****           }
 2938              		.loc 1 824 13 is_stmt 1 view .LVU790
 2939 05ba 551C     		adds	r5, r2, #1
 2940              	.LVL330:
 824:external/printf/printf.c ****           }
 2941              		.loc 1 824 13 is_stmt 0 view .LVU791
 2942 05bc 3B46     		mov	r3, r7
 2943 05be 4946     		mov	r1, r9
 2944 05c0 2020     		movs	r0, #32
 2945 05c2 C047     		blx	r8
 2946              	.LVL331:
 823:external/printf/printf.c ****             out(' ', buffer, idx++, maxlen);
 2947              		.loc 1 823 19 view .LVU792
 2948 05c4 2346     		mov	r3, r4
 824:external/printf/printf.c ****           }
 2949              		.loc 1 824 13 view .LVU793
 2950 05c6 2A46     		mov	r2, r5
 2951              	.LVL332:
 2952              	.L222:
 823:external/printf/printf.c ****             out(' ', buffer, idx++, maxlen);
 2953              		.loc 1 823 22 is_stmt 1 view .LVU794
 823:external/printf/printf.c ****             out(' ', buffer, idx++, maxlen);
 2954              		.loc 1 823 19 is_stmt 0 view .LVU795
ARM GAS  C:\Users\bernd\AppData\Local\Temp\ccLnovA9.s 			page 78


 2955 05c8 5C1C     		adds	r4, r3, #1
 2956              	.LVL333:
 823:external/printf/printf.c ****             out(' ', buffer, idx++, maxlen);
 2957              		.loc 1 823 22 view .LVU796
 2958 05ca 9E42     		cmp	r6, r3
 2959 05cc F5D8     		bhi	.L224
 823:external/printf/printf.c ****             out(' ', buffer, idx++, maxlen);
 2960              		.loc 1 823 22 view .LVU797
 2961 05ce 1546     		mov	r5, r2
 2962 05d0 EDE7     		b	.L223
 2963              	.LVL334:
 2964              	.L177:
 823:external/printf/printf.c ****             out(' ', buffer, idx++, maxlen);
 2965              		.loc 1 823 22 view .LVU798
 2966              	.LBE56:
 2967              	.LBB57:
 832:external/printf/printf.c ****         flags |= FLAGS_ZEROPAD | FLAGS_UPPERCASE;
 2968              		.loc 1 832 9 is_stmt 1 view .LVU799
 833:external/printf/printf.c **** #if defined(PRINTF_SUPPORT_LONG_LONG)
 2969              		.loc 1 833 9 view .LVU800
 833:external/printf/printf.c **** #if defined(PRINTF_SUPPORT_LONG_LONG)
 2970              		.loc 1 833 15 is_stmt 0 view .LVU801
 2971 05d2 46F02106 		orr	r6, r6, #33
 2972              	.LVL335:
 835:external/printf/printf.c ****         if (is_ll) {
 2973              		.loc 1 835 9 is_stmt 1 view .LVU802
 836:external/printf/printf.c ****           idx = _ntoa_long_long(out, buffer, idx, maxlen, (uintptr_t)va_arg(va, void*), false, 16U,
 2974              		.loc 1 836 9 view .LVU803
 841:external/printf/printf.c **** #if defined(PRINTF_SUPPORT_LONG_LONG)
 2975              		.loc 1 841 11 view .LVU804
 841:external/printf/printf.c **** #if defined(PRINTF_SUPPORT_LONG_LONG)
 2976              		.loc 1 841 81 is_stmt 0 view .LVU805
 2977 05d6 189B     		ldr	r3, [sp, #96]
 2978 05d8 1A1D     		adds	r2, r3, #4
 2979 05da 1892     		str	r2, [sp, #96]
 2980 05dc 1B68     		ldr	r3, [r3]
 841:external/printf/printf.c **** #if defined(PRINTF_SUPPORT_LONG_LONG)
 2981              		.loc 1 841 17 discriminator 1 view .LVU806
 2982 05de 0596     		str	r6, [sp, #20]
 2983 05e0 0822     		movs	r2, #8
 2984 05e2 0492     		str	r2, [sp, #16]
 2985 05e4 0A9A     		ldr	r2, [sp, #40]
 2986 05e6 0392     		str	r2, [sp, #12]
 2987 05e8 1022     		movs	r2, #16
 2988 05ea 0292     		str	r2, [sp, #8]
 2989 05ec 0022     		movs	r2, #0
 2990 05ee 0192     		str	r2, [sp, #4]
 2991 05f0 0093     		str	r3, [sp]
 2992 05f2 3B46     		mov	r3, r7
 2993 05f4 2A46     		mov	r2, r5
 2994 05f6 4946     		mov	r1, r9
 2995 05f8 4046     		mov	r0, r8
 2996 05fa FFF7FEFF 		bl	_ntoa_long
 2997              	.LVL336:
 2998 05fe 0546     		mov	r5, r0
 2999              	.LVL337:
 845:external/printf/printf.c ****         break;
ARM GAS  C:\Users\bernd\AppData\Local\Temp\ccLnovA9.s 			page 79


 3000              		.loc 1 845 9 is_stmt 1 view .LVU807
 845:external/printf/printf.c ****         break;
 3001              		.loc 1 845 15 is_stmt 0 view .LVU808
 3002 0600 0D9B     		ldr	r3, [sp, #52]
 3003 0602 0133     		adds	r3, r3, #1
 3004 0604 0D93     		str	r3, [sp, #52]
 846:external/printf/printf.c ****       }
 3005              		.loc 1 846 9 is_stmt 1 view .LVU809
 3006 0606 06E5     		b	.L225
 3007              	.LVL338:
 3008              	.L175:
 846:external/printf/printf.c ****       }
 3009              		.loc 1 846 9 is_stmt 0 view .LVU810
 3010              	.LBE57:
 853:external/printf/printf.c **** 
 854:external/printf/printf.c ****       default :
 855:external/printf/printf.c ****         out(*format, buffer, idx++, maxlen);
 3011              		.loc 1 855 9 is_stmt 1 view .LVU811
 3012 0608 6C1C     		adds	r4, r5, #1
 3013              	.LVL339:
 3014              		.loc 1 855 9 is_stmt 0 view .LVU812
 3015 060a 3B46     		mov	r3, r7
 3016 060c 2A46     		mov	r2, r5
 3017 060e 4946     		mov	r1, r9
 3018 0610 C047     		blx	r8
 3019              	.LVL340:
 856:external/printf/printf.c ****         format++;
 3020              		.loc 1 856 9 is_stmt 1 view .LVU813
 3021              		.loc 1 856 15 is_stmt 0 view .LVU814
 3022 0612 0D9B     		ldr	r3, [sp, #52]
 3023 0614 0133     		adds	r3, r3, #1
 3024 0616 0D93     		str	r3, [sp, #52]
 857:external/printf/printf.c ****         break;
 3025              		.loc 1 857 9 is_stmt 1 view .LVU815
 855:external/printf/printf.c ****         format++;
 3026              		.loc 1 855 9 is_stmt 0 view .LVU816
 3027 0618 2546     		mov	r5, r4
 3028              		.loc 1 857 9 view .LVU817
 3029 061a FCE4     		b	.L225
 3030              	.LVL341:
 3031              	.L245:
 593:external/printf/printf.c ****   }
 3032              		.loc 1 593 9 view .LVU818
 3033 061c DFF81C80 		ldr	r8, .L268
 3034 0620 F8E4     		b	.L148
 3035              	.LVL342:
 3036              	.L246:
 858:external/printf/printf.c ****     }
 859:external/printf/printf.c ****   }
 860:external/printf/printf.c **** 
 861:external/printf/printf.c ****   // termination
 862:external/printf/printf.c ****   out((char)0, buffer, idx < maxlen ? idx : maxlen - 1U, maxlen);
 3037              		.loc 1 862 3 is_stmt 1 view .LVU819
 3038 0622 BD42     		cmp	r5, r7
 3039 0624 08D3     		bcc	.L239
 3040              		.loc 1 862 3 is_stmt 0 discriminator 1 view .LVU820
 3041 0626 7A1E     		subs	r2, r7, #1
ARM GAS  C:\Users\bernd\AppData\Local\Temp\ccLnovA9.s 			page 80


 3042              	.L227:
 3043              		.loc 1 862 3 discriminator 4 view .LVU821
 3044 0628 3B46     		mov	r3, r7
 3045 062a 4946     		mov	r1, r9
 3046 062c 0020     		movs	r0, #0
 3047 062e C047     		blx	r8
 3048              	.LVL343:
 863:external/printf/printf.c **** 
 864:external/printf/printf.c ****   // return written chars without terminating \0
 865:external/printf/printf.c ****   return (int)idx;
 3049              		.loc 1 865 3 is_stmt 1 view .LVU822
 866:external/printf/printf.c **** }
 3050              		.loc 1 866 1 is_stmt 0 view .LVU823
 3051 0630 2846     		mov	r0, r5
 3052 0632 0FB0     		add	sp, sp, #60
 3053              		.cfi_remember_state
 3054              		.cfi_def_cfa_offset 36
 3055              		@ sp needed
 3056 0634 BDE8F08F 		pop	{r4, r5, r6, r7, r8, r9, r10, fp, pc}
 3057              	.LVL344:
 3058              	.L239:
 3059              		.cfi_restore_state
 862:external/printf/printf.c **** 
 3060              		.loc 1 862 3 discriminator 2 view .LVU824
 3061 0638 2A46     		mov	r2, r5
 3062 063a F5E7     		b	.L227
 3063              	.L269:
 3064              		.align	2
 3065              	.L268:
 3066 063c 00000000 		.word	_out_null
 3067              		.cfi_endproc
 3068              	.LFE150:
 3070              		.section	.text._putchar,"ax",%progbits
 3071              		.align	1
 3072              		.global	_putchar
 3073              		.syntax unified
 3074              		.thumb
 3075              		.thumb_func
 3077              	_putchar:
 3078              	.LVL345:
 3079              	.LFB137:
 135:external/printf/printf.c ****   uint8_t c[1];
 3080              		.loc 1 135 1 is_stmt 1 view -0
 3081              		.cfi_startproc
 3082              		@ args = 0, pretend = 0, frame = 8
 3083              		@ frame_needed = 0, uses_anonymous_args = 0
 135:external/printf/printf.c ****   uint8_t c[1];
 3084              		.loc 1 135 1 is_stmt 0 view .LVU826
 3085 0000 00B5     		push	{lr}
 3086              		.cfi_def_cfa_offset 4
 3087              		.cfi_offset 14, -4
 3088 0002 83B0     		sub	sp, sp, #12
 3089              		.cfi_def_cfa_offset 16
 136:external/printf/printf.c ****   c[0] = character & 0x00FF;
 3090              		.loc 1 136 3 is_stmt 1 view .LVU827
 137:external/printf/printf.c ****   HAL_UART_Transmit(&huart1, &*c, 1, 10);
 3091              		.loc 1 137 3 view .LVU828
ARM GAS  C:\Users\bernd\AppData\Local\Temp\ccLnovA9.s 			page 81


 137:external/printf/printf.c ****   HAL_UART_Transmit(&huart1, &*c, 1, 10);
 3092              		.loc 1 137 8 is_stmt 0 view .LVU829
 3093 0004 8DF80400 		strb	r0, [sp, #4]
 138:external/printf/printf.c **** }
 3094              		.loc 1 138 3 is_stmt 1 view .LVU830
 3095 0008 0A23     		movs	r3, #10
 3096 000a 0122     		movs	r2, #1
 3097 000c 01A9     		add	r1, sp, #4
 3098 000e 0348     		ldr	r0, .L272
 3099              	.LVL346:
 138:external/printf/printf.c **** }
 3100              		.loc 1 138 3 is_stmt 0 view .LVU831
 3101 0010 FFF7FEFF 		bl	HAL_UART_Transmit
 3102              	.LVL347:
 139:external/printf/printf.c **** 
 3103              		.loc 1 139 1 view .LVU832
 3104 0014 03B0     		add	sp, sp, #12
 3105              		.cfi_def_cfa_offset 4
 3106              		@ sp needed
 3107 0016 5DF804FB 		ldr	pc, [sp], #4
 3108              	.L273:
 3109 001a 00BF     		.align	2
 3110              	.L272:
 3111 001c 00000000 		.word	huart1
 3112              		.cfi_endproc
 3113              	.LFE137:
 3115              		.section	.text._out_char,"ax",%progbits
 3116              		.align	1
 3117              		.syntax unified
 3118              		.thumb
 3119              		.thumb_func
 3121              	_out_char:
 3122              	.LVL348:
 3123              	.LFB140:
 159:external/printf/printf.c ****   (void)buffer; (void)idx; (void)maxlen;
 3124              		.loc 1 159 1 is_stmt 1 view -0
 3125              		.cfi_startproc
 3126              		@ args = 0, pretend = 0, frame = 0
 3127              		@ frame_needed = 0, uses_anonymous_args = 0
 160:external/printf/printf.c ****   if (character) {
 3128              		.loc 1 160 3 view .LVU834
 160:external/printf/printf.c ****   if (character) {
 3129              		.loc 1 160 17 view .LVU835
 160:external/printf/printf.c ****   if (character) {
 3130              		.loc 1 160 28 view .LVU836
 161:external/printf/printf.c ****     _putchar(character);
 3131              		.loc 1 161 3 view .LVU837
 161:external/printf/printf.c ****     _putchar(character);
 3132              		.loc 1 161 6 is_stmt 0 view .LVU838
 3133 0000 00B9     		cbnz	r0, .L280
 3134 0002 7047     		bx	lr
 3135              	.L280:
 159:external/printf/printf.c ****   (void)buffer; (void)idx; (void)maxlen;
 3136              		.loc 1 159 1 view .LVU839
 3137 0004 08B5     		push	{r3, lr}
 3138              		.cfi_def_cfa_offset 8
 3139              		.cfi_offset 3, -8
ARM GAS  C:\Users\bernd\AppData\Local\Temp\ccLnovA9.s 			page 82


 3140              		.cfi_offset 14, -4
 162:external/printf/printf.c ****   }
 3141              		.loc 1 162 5 is_stmt 1 view .LVU840
 3142 0006 FFF7FEFF 		bl	_putchar
 3143              	.LVL349:
 164:external/printf/printf.c **** 
 3144              		.loc 1 164 1 is_stmt 0 view .LVU841
 3145 000a 08BD     		pop	{r3, pc}
 3146              		.cfi_endproc
 3147              	.LFE140:
 3149              		.section	.text.printf_,"ax",%progbits
 3150              		.align	1
 3151              		.global	printf_
 3152              		.syntax unified
 3153              		.thumb
 3154              		.thumb_func
 3156              	printf_:
 3157              	.LVL350:
 3158              	.LFB151:
 867:external/printf/printf.c **** 
 868:external/printf/printf.c **** 
 869:external/printf/printf.c **** ///////////////////////////////////////////////////////////////////////////////
 870:external/printf/printf.c **** 
 871:external/printf/printf.c **** int printf_(const char* format, ...)
 872:external/printf/printf.c **** {
 3159              		.loc 1 872 1 is_stmt 1 view -0
 3160              		.cfi_startproc
 3161              		@ args = 4, pretend = 16, frame = 8
 3162              		@ frame_needed = 0, uses_anonymous_args = 1
 3163              		.loc 1 872 1 is_stmt 0 view .LVU843
 3164 0000 0FB4     		push	{r0, r1, r2, r3}
 3165              		.cfi_def_cfa_offset 16
 3166              		.cfi_offset 0, -16
 3167              		.cfi_offset 1, -12
 3168              		.cfi_offset 2, -8
 3169              		.cfi_offset 3, -4
 3170 0002 00B5     		push	{lr}
 3171              		.cfi_def_cfa_offset 20
 3172              		.cfi_offset 14, -20
 3173 0004 85B0     		sub	sp, sp, #20
 3174              		.cfi_def_cfa_offset 40
 3175 0006 06AA     		add	r2, sp, #24
 3176 0008 52F8043B 		ldr	r3, [r2], #4
 873:external/printf/printf.c ****   va_list va;
 3177              		.loc 1 873 3 is_stmt 1 view .LVU844
 874:external/printf/printf.c ****   va_start(va, format);
 3178              		.loc 1 874 3 view .LVU845
 3179 000c 0392     		str	r2, [sp, #12]
 875:external/printf/printf.c ****   char buffer[1];
 3180              		.loc 1 875 3 view .LVU846
 876:external/printf/printf.c ****   const int ret = _vsnprintf(_out_char, buffer, (size_t)-1, format, va);
 3181              		.loc 1 876 3 view .LVU847
 3182              		.loc 1 876 19 is_stmt 0 view .LVU848
 3183 000e 0092     		str	r2, [sp]
 3184 0010 4FF0FF32 		mov	r2, #-1
 3185 0014 02A9     		add	r1, sp, #8
 3186 0016 0448     		ldr	r0, .L283
ARM GAS  C:\Users\bernd\AppData\Local\Temp\ccLnovA9.s 			page 83


 3187 0018 FFF7FEFF 		bl	_vsnprintf
 3188              	.LVL351:
 877:external/printf/printf.c ****   va_end(va);
 3189              		.loc 1 877 3 is_stmt 1 view .LVU849
 878:external/printf/printf.c ****   return ret;
 3190              		.loc 1 878 3 view .LVU850
 879:external/printf/printf.c **** }
 3191              		.loc 1 879 1 is_stmt 0 view .LVU851
 3192 001c 05B0     		add	sp, sp, #20
 3193              		.cfi_def_cfa_offset 20
 3194              		@ sp needed
 3195 001e 5DF804EB 		ldr	lr, [sp], #4
 3196              		.cfi_restore 14
 3197              		.cfi_def_cfa_offset 16
 3198 0022 04B0     		add	sp, sp, #16
 3199              		.cfi_restore 3
 3200              		.cfi_restore 2
 3201              		.cfi_restore 1
 3202              		.cfi_restore 0
 3203              		.cfi_def_cfa_offset 0
 3204 0024 7047     		bx	lr
 3205              	.L284:
 3206 0026 00BF     		.align	2
 3207              	.L283:
 3208 0028 00000000 		.word	_out_char
 3209              		.cfi_endproc
 3210              	.LFE151:
 3212              		.section	.text.sprintf_,"ax",%progbits
 3213              		.align	1
 3214              		.global	sprintf_
 3215              		.syntax unified
 3216              		.thumb
 3217              		.thumb_func
 3219              	sprintf_:
 3220              	.LVL352:
 3221              	.LFB152:
 880:external/printf/printf.c **** 
 881:external/printf/printf.c **** 
 882:external/printf/printf.c **** int sprintf_(char* buffer, const char* format, ...)
 883:external/printf/printf.c **** {
 3222              		.loc 1 883 1 is_stmt 1 view -0
 3223              		.cfi_startproc
 3224              		@ args = 4, pretend = 12, frame = 8
 3225              		@ frame_needed = 0, uses_anonymous_args = 1
 3226              		.loc 1 883 1 is_stmt 0 view .LVU853
 3227 0000 0EB4     		push	{r1, r2, r3}
 3228              		.cfi_def_cfa_offset 12
 3229              		.cfi_offset 1, -12
 3230              		.cfi_offset 2, -8
 3231              		.cfi_offset 3, -4
 3232 0002 00B5     		push	{lr}
 3233              		.cfi_def_cfa_offset 16
 3234              		.cfi_offset 14, -16
 3235 0004 84B0     		sub	sp, sp, #16
 3236              		.cfi_def_cfa_offset 32
 3237 0006 0146     		mov	r1, r0
 3238 0008 05AA     		add	r2, sp, #20
ARM GAS  C:\Users\bernd\AppData\Local\Temp\ccLnovA9.s 			page 84


 3239 000a 52F8043B 		ldr	r3, [r2], #4
 884:external/printf/printf.c ****   va_list va;
 3240              		.loc 1 884 3 is_stmt 1 view .LVU854
 885:external/printf/printf.c ****   va_start(va, format);
 3241              		.loc 1 885 3 view .LVU855
 3242 000e 0392     		str	r2, [sp, #12]
 886:external/printf/printf.c ****   const int ret = _vsnprintf(_out_buffer, buffer, (size_t)-1, format, va);
 3243              		.loc 1 886 3 view .LVU856
 3244              		.loc 1 886 19 is_stmt 0 view .LVU857
 3245 0010 0092     		str	r2, [sp]
 3246 0012 4FF0FF32 		mov	r2, #-1
 3247 0016 0448     		ldr	r0, .L287
 3248              	.LVL353:
 3249              		.loc 1 886 19 view .LVU858
 3250 0018 FFF7FEFF 		bl	_vsnprintf
 3251              	.LVL354:
 887:external/printf/printf.c ****   va_end(va);
 3252              		.loc 1 887 3 is_stmt 1 view .LVU859
 888:external/printf/printf.c ****   return ret;
 3253              		.loc 1 888 3 view .LVU860
 889:external/printf/printf.c **** }
 3254              		.loc 1 889 1 is_stmt 0 view .LVU861
 3255 001c 04B0     		add	sp, sp, #16
 3256              		.cfi_def_cfa_offset 16
 3257              		@ sp needed
 3258 001e 5DF804EB 		ldr	lr, [sp], #4
 3259              		.cfi_restore 14
 3260              		.cfi_def_cfa_offset 12
 3261 0022 03B0     		add	sp, sp, #12
 3262              		.cfi_restore 3
 3263              		.cfi_restore 2
 3264              		.cfi_restore 1
 3265              		.cfi_def_cfa_offset 0
 3266 0024 7047     		bx	lr
 3267              	.L288:
 3268 0026 00BF     		.align	2
 3269              	.L287:
 3270 0028 00000000 		.word	_out_buffer
 3271              		.cfi_endproc
 3272              	.LFE152:
 3274              		.section	.text.snprintf_,"ax",%progbits
 3275              		.align	1
 3276              		.global	snprintf_
 3277              		.syntax unified
 3278              		.thumb
 3279              		.thumb_func
 3281              	snprintf_:
 3282              	.LVL355:
 3283              	.LFB153:
 890:external/printf/printf.c **** 
 891:external/printf/printf.c **** 
 892:external/printf/printf.c **** int snprintf_(char* buffer, size_t count, const char* format, ...)
 893:external/printf/printf.c **** {
 3284              		.loc 1 893 1 is_stmt 1 view -0
 3285              		.cfi_startproc
 3286              		@ args = 4, pretend = 8, frame = 8
 3287              		@ frame_needed = 0, uses_anonymous_args = 1
ARM GAS  C:\Users\bernd\AppData\Local\Temp\ccLnovA9.s 			page 85


 3288              		.loc 1 893 1 is_stmt 0 view .LVU863
 3289 0000 0CB4     		push	{r2, r3}
 3290              		.cfi_def_cfa_offset 8
 3291              		.cfi_offset 2, -8
 3292              		.cfi_offset 3, -4
 3293 0002 10B5     		push	{r4, lr}
 3294              		.cfi_def_cfa_offset 16
 3295              		.cfi_offset 4, -16
 3296              		.cfi_offset 14, -12
 3297 0004 84B0     		sub	sp, sp, #16
 3298              		.cfi_def_cfa_offset 32
 3299 0006 0A46     		mov	r2, r1
 3300 0008 06AC     		add	r4, sp, #24
 3301 000a 54F8043B 		ldr	r3, [r4], #4
 894:external/printf/printf.c ****   va_list va;
 3302              		.loc 1 894 3 is_stmt 1 view .LVU864
 895:external/printf/printf.c ****   va_start(va, format);
 3303              		.loc 1 895 3 view .LVU865
 3304 000e 0394     		str	r4, [sp, #12]
 896:external/printf/printf.c ****   const int ret = _vsnprintf(_out_buffer, buffer, count, format, va);
 3305              		.loc 1 896 3 view .LVU866
 3306              		.loc 1 896 19 is_stmt 0 view .LVU867
 3307 0010 0094     		str	r4, [sp]
 3308 0012 0146     		mov	r1, r0
 3309              	.LVL356:
 3310              		.loc 1 896 19 view .LVU868
 3311 0014 0348     		ldr	r0, .L291
 3312              	.LVL357:
 3313              		.loc 1 896 19 view .LVU869
 3314 0016 FFF7FEFF 		bl	_vsnprintf
 3315              	.LVL358:
 897:external/printf/printf.c ****   va_end(va);
 3316              		.loc 1 897 3 is_stmt 1 view .LVU870
 898:external/printf/printf.c ****   return ret;
 3317              		.loc 1 898 3 view .LVU871
 899:external/printf/printf.c **** }
 3318              		.loc 1 899 1 is_stmt 0 view .LVU872
 3319 001a 04B0     		add	sp, sp, #16
 3320              		.cfi_def_cfa_offset 16
 3321              		@ sp needed
 3322 001c BDE81040 		pop	{r4, lr}
 3323              		.cfi_restore 14
 3324              		.cfi_restore 4
 3325              		.cfi_def_cfa_offset 8
 3326 0020 02B0     		add	sp, sp, #8
 3327              		.cfi_restore 3
 3328              		.cfi_restore 2
 3329              		.cfi_def_cfa_offset 0
 3330 0022 7047     		bx	lr
 3331              	.L292:
 3332              		.align	2
 3333              	.L291:
 3334 0024 00000000 		.word	_out_buffer
 3335              		.cfi_endproc
 3336              	.LFE153:
 3338              		.section	.text.vprintf_,"ax",%progbits
 3339              		.align	1
ARM GAS  C:\Users\bernd\AppData\Local\Temp\ccLnovA9.s 			page 86


 3340              		.global	vprintf_
 3341              		.syntax unified
 3342              		.thumb
 3343              		.thumb_func
 3345              	vprintf_:
 3346              	.LVL359:
 3347              	.LFB154:
 900:external/printf/printf.c **** 
 901:external/printf/printf.c **** 
 902:external/printf/printf.c **** int vprintf_(const char* format, va_list va)
 903:external/printf/printf.c **** {
 3348              		.loc 1 903 1 is_stmt 1 view -0
 3349              		.cfi_startproc
 3350              		@ args = 0, pretend = 0, frame = 8
 3351              		@ frame_needed = 0, uses_anonymous_args = 0
 3352              		.loc 1 903 1 is_stmt 0 view .LVU874
 3353 0000 00B5     		push	{lr}
 3354              		.cfi_def_cfa_offset 4
 3355              		.cfi_offset 14, -4
 3356 0002 85B0     		sub	sp, sp, #20
 3357              		.cfi_def_cfa_offset 24
 3358 0004 0346     		mov	r3, r0
 904:external/printf/printf.c ****   char buffer[1];
 3359              		.loc 1 904 3 is_stmt 1 view .LVU875
 905:external/printf/printf.c ****   return _vsnprintf(_out_char, buffer, (size_t)-1, format, va);
 3360              		.loc 1 905 3 view .LVU876
 3361              		.loc 1 905 10 is_stmt 0 view .LVU877
 3362 0006 0091     		str	r1, [sp]
 3363 0008 4FF0FF32 		mov	r2, #-1
 3364 000c 03A9     		add	r1, sp, #12
 3365              	.LVL360:
 3366              		.loc 1 905 10 view .LVU878
 3367 000e 0348     		ldr	r0, .L295
 3368              	.LVL361:
 3369              		.loc 1 905 10 view .LVU879
 3370 0010 FFF7FEFF 		bl	_vsnprintf
 3371              	.LVL362:
 906:external/printf/printf.c **** }
 3372              		.loc 1 906 1 view .LVU880
 3373 0014 05B0     		add	sp, sp, #20
 3374              		.cfi_def_cfa_offset 4
 3375              		@ sp needed
 3376 0016 5DF804FB 		ldr	pc, [sp], #4
 3377              	.L296:
 3378 001a 00BF     		.align	2
 3379              	.L295:
 3380 001c 00000000 		.word	_out_char
 3381              		.cfi_endproc
 3382              	.LFE154:
 3384              		.section	.text.vsnprintf_,"ax",%progbits
 3385              		.align	1
 3386              		.global	vsnprintf_
 3387              		.syntax unified
 3388              		.thumb
 3389              		.thumb_func
 3391              	vsnprintf_:
 3392              	.LVL363:
ARM GAS  C:\Users\bernd\AppData\Local\Temp\ccLnovA9.s 			page 87


 3393              	.LFB155:
 907:external/printf/printf.c **** 
 908:external/printf/printf.c **** 
 909:external/printf/printf.c **** int vsnprintf_(char* buffer, size_t count, const char* format, va_list va)
 910:external/printf/printf.c **** {
 3394              		.loc 1 910 1 is_stmt 1 view -0
 3395              		.cfi_startproc
 3396              		@ args = 0, pretend = 0, frame = 0
 3397              		@ frame_needed = 0, uses_anonymous_args = 0
 3398              		.loc 1 910 1 is_stmt 0 view .LVU882
 3399 0000 00B5     		push	{lr}
 3400              		.cfi_def_cfa_offset 4
 3401              		.cfi_offset 14, -4
 3402 0002 83B0     		sub	sp, sp, #12
 3403              		.cfi_def_cfa_offset 16
 911:external/printf/printf.c ****   return _vsnprintf(_out_buffer, buffer, count, format, va);
 3404              		.loc 1 911 3 is_stmt 1 view .LVU883
 3405              		.loc 1 911 10 is_stmt 0 view .LVU884
 3406 0004 0093     		str	r3, [sp]
 3407 0006 1346     		mov	r3, r2
 3408              	.LVL364:
 3409              		.loc 1 911 10 view .LVU885
 3410 0008 0A46     		mov	r2, r1
 3411              	.LVL365:
 3412              		.loc 1 911 10 view .LVU886
 3413 000a 0146     		mov	r1, r0
 3414              	.LVL366:
 3415              		.loc 1 911 10 view .LVU887
 3416 000c 0248     		ldr	r0, .L299
 3417              	.LVL367:
 3418              		.loc 1 911 10 view .LVU888
 3419 000e FFF7FEFF 		bl	_vsnprintf
 3420              	.LVL368:
 912:external/printf/printf.c **** }
 3421              		.loc 1 912 1 view .LVU889
 3422 0012 03B0     		add	sp, sp, #12
 3423              		.cfi_def_cfa_offset 4
 3424              		@ sp needed
 3425 0014 5DF804FB 		ldr	pc, [sp], #4
 3426              	.L300:
 3427              		.align	2
 3428              	.L299:
 3429 0018 00000000 		.word	_out_buffer
 3430              		.cfi_endproc
 3431              	.LFE155:
 3433              		.section	.text.fctprintf,"ax",%progbits
 3434              		.align	1
 3435              		.global	fctprintf
 3436              		.syntax unified
 3437              		.thumb
 3438              		.thumb_func
 3440              	fctprintf:
 3441              	.LVL369:
 3442              	.LFB156:
 913:external/printf/printf.c **** 
 914:external/printf/printf.c **** 
 915:external/printf/printf.c **** int fctprintf(void (*out)(char character, void* arg), void* arg, const char* format, ...)
ARM GAS  C:\Users\bernd\AppData\Local\Temp\ccLnovA9.s 			page 88


 916:external/printf/printf.c **** {
 3443              		.loc 1 916 1 is_stmt 1 view -0
 3444              		.cfi_startproc
 3445              		@ args = 4, pretend = 8, frame = 16
 3446              		@ frame_needed = 0, uses_anonymous_args = 1
 3447              		.loc 1 916 1 is_stmt 0 view .LVU891
 3448 0000 0CB4     		push	{r2, r3}
 3449              		.cfi_def_cfa_offset 8
 3450              		.cfi_offset 2, -8
 3451              		.cfi_offset 3, -4
 3452 0002 00B5     		push	{lr}
 3453              		.cfi_def_cfa_offset 12
 3454              		.cfi_offset 14, -12
 3455 0004 87B0     		sub	sp, sp, #28
 3456              		.cfi_def_cfa_offset 40
 3457 0006 08AA     		add	r2, sp, #32
 3458 0008 52F8043B 		ldr	r3, [r2], #4
 917:external/printf/printf.c ****   va_list va;
 3459              		.loc 1 917 3 is_stmt 1 view .LVU892
 918:external/printf/printf.c ****   va_start(va, format);
 3460              		.loc 1 918 3 view .LVU893
 3461 000c 0592     		str	r2, [sp, #20]
 919:external/printf/printf.c ****   const out_fct_wrap_type out_fct_wrap = { out, arg };
 3462              		.loc 1 919 3 view .LVU894
 3463              		.loc 1 919 27 is_stmt 0 view .LVU895
 3464 000e 0390     		str	r0, [sp, #12]
 3465 0010 0491     		str	r1, [sp, #16]
 920:external/printf/printf.c ****   const int ret = _vsnprintf(_out_fct, (char*)(uintptr_t)&out_fct_wrap, (size_t)-1, format, va);
 3466              		.loc 1 920 3 is_stmt 1 view .LVU896
 3467              		.loc 1 920 19 is_stmt 0 view .LVU897
 3468 0012 0092     		str	r2, [sp]
 3469 0014 4FF0FF32 		mov	r2, #-1
 3470 0018 03A9     		add	r1, sp, #12
 3471              	.LVL370:
 3472              		.loc 1 920 19 view .LVU898
 3473 001a 0448     		ldr	r0, .L303
 3474              	.LVL371:
 3475              		.loc 1 920 19 view .LVU899
 3476 001c FFF7FEFF 		bl	_vsnprintf
 3477              	.LVL372:
 921:external/printf/printf.c ****   va_end(va);
 3478              		.loc 1 921 3 is_stmt 1 view .LVU900
 922:external/printf/printf.c ****   return ret;
 3479              		.loc 1 922 3 view .LVU901
 923:external/printf/printf.c **** }
 3480              		.loc 1 923 1 is_stmt 0 view .LVU902
 3481 0020 07B0     		add	sp, sp, #28
 3482              		.cfi_def_cfa_offset 12
 3483              		@ sp needed
 3484 0022 5DF804EB 		ldr	lr, [sp], #4
 3485              		.cfi_restore 14
 3486              		.cfi_def_cfa_offset 8
 3487 0026 02B0     		add	sp, sp, #8
 3488              		.cfi_restore 3
 3489              		.cfi_restore 2
 3490              		.cfi_def_cfa_offset 0
 3491 0028 7047     		bx	lr
ARM GAS  C:\Users\bernd\AppData\Local\Temp\ccLnovA9.s 			page 89


 3492              	.L304:
 3493 002a 00BF     		.align	2
 3494              	.L303:
 3495 002c 00000000 		.word	_out_fct
 3496              		.cfi_endproc
 3497              	.LFE156:
 3499              		.section	.rodata.pow10.0,"a"
 3500              		.align	3
 3503              	pow10.0:
 3504 0000 00000000 		.word	0
 3505 0004 0000F03F 		.word	1072693248
 3506 0008 00000000 		.word	0
 3507 000c 00002440 		.word	1076101120
 3508 0010 00000000 		.word	0
 3509 0014 00005940 		.word	1079574528
 3510 0018 00000000 		.word	0
 3511 001c 00408F40 		.word	1083129856
 3512 0020 00000000 		.word	0
 3513 0024 0088C340 		.word	1086556160
 3514 0028 00000000 		.word	0
 3515 002c 006AF840 		.word	1090021888
 3516 0030 00000000 		.word	0
 3517 0034 80842E41 		.word	1093567616
 3518 0038 00000000 		.word	0
 3519 003c D0126341 		.word	1097011920
 3520 0040 00000000 		.word	0
 3521 0044 84D79741 		.word	1100470148
 3522 0048 00000000 		.word	0
 3523 004c 65CDCD41 		.word	1104006501
 3524              		.text
 3525              	.Letext0:
 3526              		.file 2 "C:/Users/bernd/AppData/Roaming/Code/User/globalStorage/bmd.stm32-for-vscode/@xpack-dev-to
 3527              		.file 3 "C:/Users/bernd/AppData/Roaming/Code/User/globalStorage/bmd.stm32-for-vscode/@xpack-dev-to
 3528              		.file 4 "C:/Users/bernd/AppData/Roaming/Code/User/globalStorage/bmd.stm32-for-vscode/@xpack-dev-to
 3529              		.file 5 "C:/Users/bernd/AppData/Roaming/Code/User/globalStorage/bmd.stm32-for-vscode/@xpack-dev-to
 3530              		.file 6 "Drivers/CMSIS/Device/ST/STM32F4xx/Include/stm32f411xe.h"
 3531              		.file 7 "Drivers/STM32F4xx_HAL_Driver/Inc/stm32f4xx_hal_def.h"
 3532              		.file 8 "Drivers/STM32F4xx_HAL_Driver/Inc/stm32f4xx_hal_dma.h"
 3533              		.file 9 "Drivers/STM32F4xx_HAL_Driver/Inc/stm32f4xx_hal_uart.h"
 3534              		.file 10 "<built-in>"
ARM GAS  C:\Users\bernd\AppData\Local\Temp\ccLnovA9.s 			page 90


DEFINED SYMBOLS
                            *ABS*:00000000 printf.c
C:\Users\bernd\AppData\Local\Temp\ccLnovA9.s:21     .text._out_buffer:00000000 $t
C:\Users\bernd\AppData\Local\Temp\ccLnovA9.s:26     .text._out_buffer:00000000 _out_buffer
C:\Users\bernd\AppData\Local\Temp\ccLnovA9.s:48     .text._out_null:00000000 $t
C:\Users\bernd\AppData\Local\Temp\ccLnovA9.s:53     .text._out_null:00000000 _out_null
C:\Users\bernd\AppData\Local\Temp\ccLnovA9.s:71     .text._out_fct:00000000 $t
C:\Users\bernd\AppData\Local\Temp\ccLnovA9.s:76     .text._out_fct:00000000 _out_fct
C:\Users\bernd\AppData\Local\Temp\ccLnovA9.s:116    .text._atoi:00000000 $t
C:\Users\bernd\AppData\Local\Temp\ccLnovA9.s:121    .text._atoi:00000000 _atoi
C:\Users\bernd\AppData\Local\Temp\ccLnovA9.s:184    .text._out_rev:00000000 $t
C:\Users\bernd\AppData\Local\Temp\ccLnovA9.s:189    .text._out_rev:00000000 _out_rev
C:\Users\bernd\AppData\Local\Temp\ccLnovA9.s:320    .text._ntoa_format:00000000 $t
C:\Users\bernd\AppData\Local\Temp\ccLnovA9.s:325    .text._ntoa_format:00000000 _ntoa_format
C:\Users\bernd\AppData\Local\Temp\ccLnovA9.s:609    .text._ntoa_long:00000000 $t
C:\Users\bernd\AppData\Local\Temp\ccLnovA9.s:614    .text._ntoa_long:00000000 _ntoa_long
C:\Users\bernd\AppData\Local\Temp\ccLnovA9.s:758    .text._ntoa_long_long:00000000 $t
C:\Users\bernd\AppData\Local\Temp\ccLnovA9.s:763    .text._ntoa_long_long:00000000 _ntoa_long_long
C:\Users\bernd\AppData\Local\Temp\ccLnovA9.s:932    .rodata._ftoa.str1.4:00000000 $d
C:\Users\bernd\AppData\Local\Temp\ccLnovA9.s:945    .text._ftoa:00000000 $t
C:\Users\bernd\AppData\Local\Temp\ccLnovA9.s:950    .text._ftoa:00000000 _ftoa
C:\Users\bernd\AppData\Local\Temp\ccLnovA9.s:1533   .text._ftoa:000002f8 $d
C:\Users\bernd\AppData\Local\Temp\ccLnovA9.s:3503   .rodata.pow10.0:00000000 pow10.0
C:\Users\bernd\AppData\Local\Temp\ccLnovA9.s:1550   .text._ftoa:0000032c $t
C:\Users\bernd\AppData\Local\Temp\ccLnovA9.s:1621   .text._vsnprintf:00000000 $t
C:\Users\bernd\AppData\Local\Temp\ccLnovA9.s:1626   .text._vsnprintf:00000000 _vsnprintf
C:\Users\bernd\AppData\Local\Temp\ccLnovA9.s:1814   .text._vsnprintf:00000090 $d
C:\Users\bernd\AppData\Local\Temp\ccLnovA9.s:1832   .text._vsnprintf:000000d4 $t
C:\Users\bernd\AppData\Local\Temp\ccLnovA9.s:1889   .text._vsnprintf:00000102 $d
C:\Users\bernd\AppData\Local\Temp\ccLnovA9.s:2108   .text._vsnprintf:000001d2 $d
C:\Users\bernd\AppData\Local\Temp\ccLnovA9.s:2141   .text._vsnprintf:00000214 $t
C:\Users\bernd\AppData\Local\Temp\ccLnovA9.s:3066   .text._vsnprintf:0000063c $d
C:\Users\bernd\AppData\Local\Temp\ccLnovA9.s:3071   .text._putchar:00000000 $t
C:\Users\bernd\AppData\Local\Temp\ccLnovA9.s:3077   .text._putchar:00000000 _putchar
C:\Users\bernd\AppData\Local\Temp\ccLnovA9.s:3111   .text._putchar:0000001c $d
C:\Users\bernd\AppData\Local\Temp\ccLnovA9.s:3116   .text._out_char:00000000 $t
C:\Users\bernd\AppData\Local\Temp\ccLnovA9.s:3121   .text._out_char:00000000 _out_char
C:\Users\bernd\AppData\Local\Temp\ccLnovA9.s:3150   .text.printf_:00000000 $t
C:\Users\bernd\AppData\Local\Temp\ccLnovA9.s:3156   .text.printf_:00000000 printf_
C:\Users\bernd\AppData\Local\Temp\ccLnovA9.s:3208   .text.printf_:00000028 $d
C:\Users\bernd\AppData\Local\Temp\ccLnovA9.s:3213   .text.sprintf_:00000000 $t
C:\Users\bernd\AppData\Local\Temp\ccLnovA9.s:3219   .text.sprintf_:00000000 sprintf_
C:\Users\bernd\AppData\Local\Temp\ccLnovA9.s:3270   .text.sprintf_:00000028 $d
C:\Users\bernd\AppData\Local\Temp\ccLnovA9.s:3275   .text.snprintf_:00000000 $t
C:\Users\bernd\AppData\Local\Temp\ccLnovA9.s:3281   .text.snprintf_:00000000 snprintf_
C:\Users\bernd\AppData\Local\Temp\ccLnovA9.s:3334   .text.snprintf_:00000024 $d
C:\Users\bernd\AppData\Local\Temp\ccLnovA9.s:3339   .text.vprintf_:00000000 $t
C:\Users\bernd\AppData\Local\Temp\ccLnovA9.s:3345   .text.vprintf_:00000000 vprintf_
C:\Users\bernd\AppData\Local\Temp\ccLnovA9.s:3380   .text.vprintf_:0000001c $d
C:\Users\bernd\AppData\Local\Temp\ccLnovA9.s:3385   .text.vsnprintf_:00000000 $t
C:\Users\bernd\AppData\Local\Temp\ccLnovA9.s:3391   .text.vsnprintf_:00000000 vsnprintf_
C:\Users\bernd\AppData\Local\Temp\ccLnovA9.s:3429   .text.vsnprintf_:00000018 $d
C:\Users\bernd\AppData\Local\Temp\ccLnovA9.s:3434   .text.fctprintf:00000000 $t
C:\Users\bernd\AppData\Local\Temp\ccLnovA9.s:3440   .text.fctprintf:00000000 fctprintf
C:\Users\bernd\AppData\Local\Temp\ccLnovA9.s:3495   .text.fctprintf:0000002c $d
C:\Users\bernd\AppData\Local\Temp\ccLnovA9.s:3500   .rodata.pow10.0:00000000 $d
C:\Users\bernd\AppData\Local\Temp\ccLnovA9.s:1909   .text._vsnprintf:00000115 $d
ARM GAS  C:\Users\bernd\AppData\Local\Temp\ccLnovA9.s 			page 91


C:\Users\bernd\AppData\Local\Temp\ccLnovA9.s:1909   .text._vsnprintf:00000116 $t

UNDEFINED SYMBOLS
__aeabi_uldivmod
__aeabi_dcmpeq
__aeabi_dcmplt
__aeabi_dcmpgt
__aeabi_dsub
__aeabi_d2iz
__aeabi_i2d
__aeabi_dmul
__aeabi_d2uiz
__aeabi_ui2d
__aeabi_dcmple
HAL_UART_Transmit
huart1
